2,176
9,98
11,100
13,87
14,113
17,65
18,120
37,48
104,90
110,66
114,205
118,54
119,80
121,132
124,91
126,127
130,153
131,110
133,78
201,33
219,23
243,50
291,-30
292,99
320,-4
322,-22
396,-18
399,105
401,190
402,196
403,201
404,189
406,196
407,207
408,249
409,202
410,171
411,210
413,209
414,177
415,221
416,182
417,210
418,212
419,201
420,218
421,246
422,175
423,213
424,190
427,218
428,157
429,204
430,211
431,215
432,190
433,190
435,198
437,218
438,218
439,180
440,207
441,174
442,181
443,213
444,206
445,213
446,213
448,221
449,216
450,233
451,189
452,209
453,205
455,208
457,224
458,193
459,192
460,207
461,212
462,218
463,205
465,180
466,181
467,214
469,205
470,184
471,206
472,221
474,246
475,218
476,195
477,210
478,213
479,203
480,217
481,193
482,188
483,238
484,224
485,177
486,200
487,260
488,202
490,198
491,208
492,245
493,223
494,202
496,205
497,210
498,224
501,175
502,224
504,171
515,123
516,15
519,81
521,211
523,156
525,88
526,203
530,115
532,14
538,152
541,172
543,60
544,102
548,-3
549,40
551,26
552,101
553,33
564,-20
566,180
568,104
572,85
576,96
582,102
583,0
584,172
585,168
586,185
587,117
592,118
593,116
619,-13
699,191
700,161
704,47
717,78
718,152
719,51
720,53
721,106
727,-8
728,19
730,34
731,43
734,19
735,39
738,66
746,98
747,100
750,81
751,79
754,91
763,184
764,153
768,120
771,209
774,92
775,87
782,194
784,112
786,30
788,121
791,175
794,125
797,218
798,225
800,191
801,195
804,193
806,142
808,196
809,190
811,163
813,111
815,190
816,138
817,205
818,160
819,192
820,188
821,116
822,61
823,146
824,209
831,23
833,123
839,57
848,211
849,65
851,116
852,225
856,129
864,172
866,159
868,32
870,144
871,145
872,197
875,196
876,60
877,70
878,210
880,191
889,185
890,185
891,92
893,91
897,123
900,110
901,52
902,73
904,219
905,158
911,198
915,176
918,245
919,193
920,217
923,214
926,213
927,199
928,202
929,184
930,190
931,218
934,237
935,164
937,180
944,130
945,160
947,91
948,211
950,16
952,94
953,104
961,189
962,177
963,80
964,23
966,186
967,166
968,147
969,164
970,211
971,204
973,213
974,91
975,124
979,156
982,130
985,176
986,218
988,90
989,106
990,99
991,77
993,154
995,206
997,196
998,159
1001,129
1002,196
1003,151
1006,185
1007,215
1009,201
1010,207
1012,140
1014,215
1016,126
1018,110
1022,160
1030,177
1031,87
1034,170
1036,105
1037,200
1038,189
1040,186
1043,200
1045,96
1046,161
1048,92
1050,143
1056,94
1057,208
1060,169
1061,205
1065,231
1075,80
1081,31
1082,82
1138,2
1140,125
1141,168
1145,44
1146,35
1152,-10
1153,108
1157,31
1164,80
1166,204
1169,215
1171,136
1172,80
1178,216
1187,0
1190,14
1195,31
1198,92
1199,106
1200,25
1201,29
1206,146
1207,159
1213,105
1214,81
1215,-3
1218,151
1219,202
1223,111
1225,-22
1226,141
1228,90
1229,81
1233,90
1237,68
1239,66
1241,121
1243,210
1244,251
1247,201
1248,200
1249,93
1250,111
1251,57
1252,109
1253,180
1254,209
1256,181
1258,105
1259,88
1260,157
1261,201
1262,206
1263,207
1264,101
1265,128
1269,176
1270,226
1271,189
1272,134
1273,217
1275,99
1276,202
1277,141
1278,171
1281,9
1282,197
1283,230
1284,202
1285,115
1286,113
1287,192
1288,134
1290,102
1291,184
1292,132
1293,199
1294,210
1295,170
1296,220
1300,60
1302,61
1304,169
1306,180
1307,151
1310,220
1312,141
1313,101
1314,180
1315,215
1316,71
1317,168
1318,206
1319,148
1321,200
1322,162
1325,204
1326,172
1327,105
1328,150
1329,210
1330,89
1331,213
1334,100
1336,32
1337,214
1338,120
1339,161
1340,208
1342,164
1343,207
1345,91
1346,207
1347,173
1349,249
1352,198
1353,207
1355,119
1356,204
1357,112
1359,173
1365,140
1372,73
1374,10
1380,192
1382,179
1392,180
1393,202
1394,120
1399,99
1401,138
1405,21
1409,216
1410,230
1412,120
1417,127
1418,181
1419,184
1422,80
1427,-4
1430,214
1434,115
1439,91
1440,91
1443,-37
1445,33
1446,31
1450,51
1454,127
1457,123
1458,102
1471,100
1472,120
1477,173
1478,199
1483,120
1488,65
1490,113
1492,37
1493,27
1494,162
1495,65
1512,101
1514,-26
1515,180
1521,54
1523,218
1525,172
1526,92
1529,165
1531,182
1532,108
1535,70
1540,255
1542,205
1543,-27
1547,203
1548,178
1550,218
1555,157
1560,150
1562,216
1563,218
1569,168
1570,127
1571,101
1575,210
1576,190
1580,90
1581,72
1582,76
1585,121
1587,90
1594,180
1595,150
1596,119
1598,66
1601,60
1603,135
1607,157
1609,153
1610,75
1617,143
1619,109
1624,197
1633,98
1634,32
1637,65
1639,25
1642,145
1646,194
1647,144
1650,61
1658,112
1663,160
1665,10
1666,155
1668,203
1675,96
1677,62
1681,144
1682,127
1683,138
1684,-7
1686,47
1698,68
1700,140
1704,88
1706,44
1712,65
1713,142
1716,163
1718,182
1722,128
1725,143
1732,92
1733,33
1734,115
1738,143
1742,-19
1747,63
1749,198
1751,173
1754,187
1755,199
1762,114
1767,143
1768,132
1775,75
1780,203
1783,31
1785,89
1786,162
1787,132
1792,63
1793,208
1800,60
1802,111
1805,142
1806,164
1807,157
1811,182
1826,120
1831,175
1832,90
1834,95
1838,104
1841,23
1845,47
1848,61
1850,60
1863,184
1864,214
1865,197
1866,163
1868,147
1869,164
1871,81
1873,213
1877,173
1881,84
1883,190
1885,167
1888,184
1889,205
1890,140
1892,101
1893,207
1896,23
1901,-28
1906,-4
1907,120
1912,143
1918,60
1919,153
1925,100
1926,200
1927,130
1931,88
1932,171
1933,66
1934,213
1935,101
1936,68
1937,164
1940,138
1950,116
1951,82
1954,113
1955,123
1959,53
1960,83
1961,20
1963,-20
1973,161
1974,103
1979,183
1982,182
1986,61
1987,151
1993,4
1994,0
1995,204
1997,60
1998,55
2005,91
2006,80
2008,108
2009,84
2014,24
2021,109
2025,118
2026,-28
2028,175
2030,189
2033,129
2040,47
2049,79
2050,71
2055,14
2057,95
2058,120
2063,53
2065,34
2069,38
2070,31
2072,163
2075,88
2080,88
2083,201
2086,21
2090,85
2094,35
2096,18
2097,40
2113,35
2115,21
2119,130
2122,148
2123,11
2128,75
2130,104
2133,85
2138,83
2140,101
2143,114
2145,195
2146,118
2147,101
2148,96
2149,127
2151,138
2156,55
2158,158
2162,220
2163,114
2164,201
2165,214
2167,191
2168,101
2170,193
2176,211
2179,81
2182,40
2185,141
2187,-8
2189,21
2200,100
2201,133
2205,-3
2209,146
2211,93
2214,144
2216,188
2217,225
2218,118
2219,108
2220,-10
2221,31
2226,193
2227,202
2233,131
2234,193
2235,176
2236,71
2239,36
2242,90
2244,79
2247,178
2248,122
2249,102
2251,90
2252,98
2255,85
2256,69
2257,112
2262,81
2264,31
2267,107
2272,1
2274,61
2283,218
2285,104
2286,113
2287,103
2288,105
2291,176
2293,91
2302,95
2304,166
2306,173
2308,219
2314,35
2318,165
2320,131
2321,60
2323,2
2324,-4
2327,71
2329,95
2331,78
2333,135
2335,121
2338,120
2341,203
2343,120
2346,204
2348,183
2349,161
2350,101
2358,121
2364,135
2368,123
2370,136
2373,14
2375,173
2377,182
2378,90
2383,180
2391,50
2393,50
2395,89
2396,86
2408,141
2413,57
2415,31
2420,88
2426,135
2427,90
2429,159
2431,169
2433,183
2437,141
2438,185
2442,198
2445,161
2446,218
2448,155
2450,141
2453,66
2458,150
2466,42
2468,14
2471,198
2473,78
2483,80
2484,161
2485,204
2491,138
2492,128
2493,130
2496,168
2497,162
2504,35
2514,118
2522,21
2524,215
2531,105
2537,175
2539,149
2541,149
2542,58
2546,90
2547,90
2549,211
2550,204
2552,102
2553,73
2566,60
2567,111
2578,191
2579,216
2582,14
2591,59
2594,60
2596,118
2597,184
2599,108
2600,88
2601,78
2606,0
2607,64
2608,125
2609,119
2619,89
2620,85
2622,104
2623,189
2625,153
2630,-19
2635,156
2636,183
2640,112
2645,240
2650,12
2652,95
2655,92
2663,142
2664,113
2665,96
2670,24
2680,173
2681,63
2682,101
2685,182
2687,143
2688,99
2691,172
2692,127
2693,145
2694,92
2695,50
2698,-3
2699,-11
2701,92
2702,53
2708,34
2711,-3
2714,213
2715,97
2717,103
2720,209
2722,138
2725,173
2726,180
2729,175
2730,172
2731,166
2732,100
2733,189
2734,130
2735,232
2737,181
2738,189
2740,126
2741,23
2744,200
2756,28
2759,40
2760,97
2766,127
2772,101
2775,99
2776,143
2777,166
2783,199
2786,181
2789,137
2794,107
2796,188
2799,107
2801,201
2803,195
2804,183
2805,177
2806,120
2807,111
2811,60
2812,86
2837,60
2840,61
2854,73
2855,203
2865,34
2868,34
2869,-17
2878,146
2879,92
2880,157
2881,60
2885,96
2886,-17
2890,80
2893,55
2895,53
2897,115
2899,24
2901,23
2905,81
2910,126
2911,72
2914,201
2915,209
2920,216
2925,65
2932,149
2941,51
2942,1
2943,26
2947,141
2949,53
2950,89
2953,1
2954,91
2962,160
2963,218
2964,101
2967,44
2969,165
2970,193
2973,16
2975,163
2980,121
2985,42
2990,92
2991,115
2995,82
2996,41
2998,53
3010,107
3016,171
3020,239
3022,202
3023,202
3024,202
3026,147
3027,211
3033,87
3036,197
3041,122
3042,218
3044,136
3060,95
3061,13
3065,209
3072,145
3073,111
3081,105
3082,55
3092,143
3095,95
3098,89
3099,50
3102,79
3103,1
3108,214
3109,171
3114,38
3115,107
3116,154
3119,217
3121,28
3122,96
3124,163
3126,75
3129,1
3131,5
3135,118
3137,38
3139,91
3142,-6
3151,82
3153,179
3159,98
3160,56
3162,167
3167,-36
3181,89
3182,57
3183,100
3191,70
3192,118
3194,66
3199,92
3200,111
3201,161
3209,10
3217,-16
3219,177
3220,195
3232,15
3234,155
3235,169
3236,86
3237,100
3238,55
3240,24
3242,175
3243,101
3246,85
3248,100
3251,34
3252,-25
3253,179
3255,58
3274,60
3275,128
3280,83
3281,116
3284,184
3285,102
3286,76
3289,184
3290,104
3294,171
3297,18
3298,101
3299,54
3300,180
3303,194
3306,128
3307,70
3308,96
3312,197
3315,111
3317,90
3319,144
3320,180
3321,197
3329,127
3331,10
3332,159
3335,164
3340,92
3341,170
3344,123
3347,172
3349,165
3351,196
3356,209
3357,116
3358,140
3362,125
3364,58
3375,50
3379,80
3381,81
3382,94
3383,190
3386,179
3388,43
3391,183
3394,190
3395,212
3397,88
3399,151
3400,130
3401,187
3406,87
3407,35
3408,72
3409,203
3410,209
3411,159
3412,157
3415,114
3418,77
3419,204
3430,153
3436,129
3440,159
3443,152
3445,41
3446,207
3447,42
3455,124
3456,137
3457,139
3458,131
3459,170
3462,125
3464,157
3470,214
3471,120
3474,160
3476,-6
3477,52
3479,60
3483,60
3494,135
3499,100
3503,5
3504,160
3505,207
3512,99
3513,34
3518,82
3524,115
3528,127
3540,140
3542,44
3543,83
3546,90
3555,85
3556,94
3559,99
3566,195
3567,238
3570,125
3572,60
3574,137
3575,222
3578,86
3579,182
3580,151
3582,191
3583,194
3585,167
3586,215
3587,179
3588,191
3591,77
3592,98
3595,107
3598,232
3599,159
3600,28
3601,94
3603,234
3605,212
3607,193
3609,199
3610,206
3611,145
3613,158
3615,112
3617,60
3620,39
3621,93
3627,217
3629,104
3631,77
3634,70
3636,85
3638,83
3642,19
3647,95
3648,91
3653,64
3655,28
3656,-8
3660,186
3666,200
3667,141
3668,187
3670,168
3671,-2
3672,48
3675,195
3677,187
3678,215
3681,150
3686,135
3687,98
3700,209
3701,175
3702,14
3711,190
3712,151
3713,164
3714,40
3719,194
3725,82
3727,160
3728,89
3729,86
3731,184
3735,115
3737,141
3738,150
3740,185
3741,164
3743,40
3746,108
3749,146
3751,122
3752,159
3757,27
3760,165
3764,18
3772,85
3774,0
3775,73
3777,85
3779,-22
3781,85
3783,40
3785,61
3786,182
3787,38
3788,163
3792,136
3793,100
3795,121
3801,122
3802,221
3803,153
3804,91
3805,167
3807,157
3812,227
3816,171
3821,43
3825,41
3828,73
3834,184
3837,60
3839,124
3840,187
3843,19
3844,90
3849,100
3852,100
3859,87
3861,132
3863,196
3865,100
3875,112
3879,113
3882,174
3883,84
3884,191
3886,84
3889,146
3891,105
3892,105
3895,206
3898,85
3906,107
3913,-8
3920,183
3923,149
3926,126
3928,92
3929,46
3932,10
3934,45
3936,2
3937,20
3938,96
3939,203
3942,113
3943,160
3944,34
3958,30
3964,-2
3974,92
3976,90
3978,90
3979,142
3980,85
3992,43
3994,89
3997,40
4002,66
4003,20
4005,124
4007,57
4008,129
4010,117
4011,90
4018,-4
4019,85
4021,112
4023,72
4024,84
4027,106
4029,51
4031,171
4038,29
4039,48
4041,150
4042,21
4046,44
4049,17
4050,77
4051,61
4059,87
4064,102
4067,34
4069,92
4070,0
4071,181
4072,30
4075,191
4076,82
4078,85
4080,97
4086,180
4091,58
4092,161
4098,60
4099,62
4100,85
4103,150
4107,81
4108,62
4110,42
4118,56
4119,79
4128,152
4129,218
4140,141
4144,101
4145,131
4147,112
4148,189
4151,200
4152,166
4153,-6
4157,1
4159,78
4163,200
4164,145
4165,208
4166,219
4167,198
4168,218
4169,60
4172,80
4176,206
4178,227
4180,-8
4183,199
4184,81
4185,222
4186,-11
4187,218
4189,138
4192,187
4193,103
4202,121
4205,197
4207,149
4208,64
4209,179
4210,207
4214,208
4216,72
4217,121
4219,72
4220,108
4228,204
4230,118
4231,209
4232,209
4240,162
4241,75
4244,162
4247,226
4263,134
4264,134
4267,133
4268,13
4270,55
4273,45
4275,73
4287,51
4288,59
4289,55
4290,23
4293,207
4297,201
4299,59
4303,111
4304,3
4311,159
4312,86
4313,188
4314,50
4321,220
4323,190
4327,120
4328,14
4329,80
4334,57
4335,78
4340,43
4342,105
4344,55
4345,216
4346,172
4348,97
4352,87
4354,211
4359,73
4360,115
4361,107
4364,115
4366,142
4370,78
4374,20
4379,69
4380,191
4386,131
4387,10
4391,127
4392,61
4394,195
4396,17
4404,79
4407,45
4408,152
4410,125
4412,75
4415,73
4421,173
4422,222
4423,107
4424,157
4425,120
4426,146
4427,60
4428,39
4431,141
4437,200
4438,155
4440,33
4445,35
4455,210
4457,122
4459,70
4460,42
4461,-8
4463,167
4464,38
4467,43
4469,50
4470,57
4476,155
4477,191
4485,66
4488,90
4490,153
4492,55
4493,166
4505,171
4506,77
4510,207
4515,111
4516,53
4517,43
4523,194
4525,144
4526,147
4527,171
4528,192
4529,103
4530,160
4533,168
4536,139
4538,144
4539,196
4541,207
4543,217
4544,184
4546,171
4548,166
4549,143
4553,143
4554,166
4555,119
4557,122
4560,184
4568,91
4571,83
4574,90
4575,147
4577,124
4585,183
4586,110
4587,157
4591,146
4592,40
4593,127
4595,195
4598,184
4599,215
4602,172
4603,172
4605,164
4606,86
4608,175
4612,87
4613,140
4622,47
4626,85
4632,100
4637,-5
4638,79
4640,99
4644,85
4645,44
4649,55
4651,93
4653,91
4656,208
4657,251
4658,208
4662,14
4665,245
4667,153
4668,217
4679,192
4686,46
4687,146
4688,44
4689,107
4693,215
4697,37
4698,179
4701,23
4704,86
4707,17
4709,31
4710,211
4711,119
4712,90
4715,120
4716,149
4719,130
4720,23
4728,221
4729,210
4731,91
4736,-10
4739,194
4740,65
4742,49
4746,168
4752,45
4760,-37
4762,45
4763,134
4764,180
4765,142
4766,199
4771,32
4778,233
4779,165
4782,23
4783,60
4784,18
4789,-2
4792,121
4795,173
4797,87
4798,98
4802,50
4806,179
4807,150
4808,-32
4809,43
4811,-5
4817,124
4818,23
4819,-8
4820,64
4821,139
4822,195
4829,198
4834,107
4836,217
4837,160
4840,3
4842,40
4848,96
4850,45
4851,10
4856,108
4858,43
4859,85
4861,68
4863,122
4864,179
4867,33
4871,92
4876,110
4877,40
4879,45
4880,197
4881,69
4883,28
4884,-37
4885,195
4886,183
4894,31
4900,217
4902,161
4903,58
4905,94
4909,215
4915,94
4916,127
4918,59
4919,80
4921,65
4924,188
4929,73
4932,77
4935,90
4938,34
4943,183
4944,92
4945,-27
4950,85
4952,85
4957,135
4959,45
4967,33
4968,131
4970,158
4971,199
4972,149
4974,205
4978,184
4980,23
4990,77
4992,78
4996,192
4997,107
4998,24
4999,130
5001,90
5003,43
5006,145
5018,126
5019,37
5021,10
5022,36
5023,82
5024,83
5026,18
5027,57
5033,135
5036,37
5046,23
5047,193
5048,23
5049,195
5050,145
5051,191
5053,215
5056,210
5058,216
5059,140
5060,189
5062,101
5063,58
5064,194
5066,114
5070,196
5071,59
5072,220
5073,59
5078,59
5079,-8
5085,181
5086,149
5088,47
5089,33
5090,197
5091,141
5095,203
5096,50
5102,48
5105,19
5109,201
5120,114
5123,166
5124,181
5128,157
5132,215
5135,86
5136,108
5141,167
5142,79
5143,120
5144,23
5147,161
5151,172
5152,140
5155,60
5157,163
5167,108
5169,91
5175,178
5180,182
5184,166
5193,105
5194,164
5198,164
5203,160
5209,200
5210,88
5219,208
5220,234
5222,188
5223,112
5224,173
5233,84
5241,233
5243,46
5244,210
5251,70
5254,130
5256,104
5257,111
5260,136
5264,200
5268,150
5270,141
5271,212
5272,199
5274,205
5275,73
5276,173
5278,211
5279,209
5280,152
5281,164
5282,192
5287,199
5288,147
5289,204
5290,218
5295,202
5296,99
5297,121
5298,131
5307,218
5311,170
5313,210
5315,210
5325,34
5328,65
5331,160
5333,95
5337,167
5340,28
5344,164
5346,34
5351,160
5352,188
5362,92
5365,110
5366,118
5367,86
5368,129
5371,210
5372,134
5373,47
5375,91
5387,220
5390,201
5395,141
5400,114
5401,224
5409,54
5410,66
5412,169
5413,92
5414,142
5415,55
5421,103
5422,195
5425,142
5427,201
5429,188
5430,230
5435,197
5437,179
5440,210
5444,120
5445,150
5448,29
5454,-18
5455,150
5457,172
5461,101
5463,44
5468,47
5470,204
5471,111
5478,107
5481,154
5485,115
5495,110
5497,123
5503,160
5508,179
5509,99
5511,65
5517,90
5518,178
5520,169
5523,216
5524,179
5526,87
5528,144
5531,162
5535,78
5536,241
5537,80
5541,100
5542,115
5543,-5
5551,199
5555,103
5572,131
5573,76
5579,80
5582,61
5583,31
5584,153
5616,174
5618,210
5625,70
5626,92
5627,91
5628,91
5629,96
5631,86
5635,92
5636,150
5639,65
5640,56
5642,135
5647,71
5651,69
5653,180
5654,126
5660,127
5664,10
5667,148
5671,31
5672,18
5675,43
5676,126
5679,164
5680,-1
5682,80
5683,203
5684,41
5697,-27
5701,63
5702,119
5703,62
5712,93
5713,60
5715,21
5716,79
5722,0
5723,103
5726,234
5727,173
5730,183
5731,90
5734,196
5735,176
5736,227
5737,210
5738,221
5739,64
5740,213
5741,170
5742,91
5743,186
5746,216
5747,216
5750,194
5751,93
5754,179
5755,85
5757,194
5758,219
5761,191
5764,208
5765,62
5766,232
5767,73
5770,91
5772,217
5773,209
5774,212
5776,221
5778,213
5782,125
5784,152
5786,153
5788,182
5792,197
5793,79
5796,188
5797,232
5803,220
5804,176
5805,207
5806,144
5808,172
5810,218
5811,193
5813,80
5815,206
5816,149
5817,178
5819,205
5821,147
5822,210
5823,85
5824,140
5827,89
5828,73
5847,80
5849,220
5850,119
5853,120
5856,120
5857,142
5859,93
5860,-3
5864,92
5865,61
5870,94
5873,-29
5874,67
5875,31
5877,10
5881,91
5884,23
5885,42
5887,100
5896,149
5897,111
5898,92
5899,42
5900,148
5907,114
5909,77
5911,219
5913,-17
5915,94
5929,166
5934,158
5935,210
5936,206
5938,182
5943,113
5951,44
5953,163
5964,217
5965,161
5967,117
5968,95
5969,30
5972,143
5973,83
5974,81
5975,105
5979,163
5983,158
5984,181
5985,144
5986,126
5991,150
6002,210
6005,105
6010,64
6012,131
6018,154
6020,203
6021,166
6024,77
6026,100
6032,231
6033,77
6034,107
6036,12
6037,71
6038,204
6039,125
6043,117
6045,42
6051,201
6053,183
6058,67
6067,172
6068,104
6072,40
6073,19
6079,11
6080,120
6081,191
6082,10
6083,179
6085,202
6086,3
6087,195
6093,106
6096,159
6097,63
6100,1
6103,132
6104,81
6109,43
6114,182
6119,80
6120,189
6123,86
6126,197
6127,-18
6128,199
6134,30
6136,45
6139,64
6140,205
6142,23
6144,78
6146,173
6153,210
6155,78
6159,111
6161,-11
6163,210
6164,177
6171,209
6176,-10
6177,185
6184,193
6185,106
6186,90
6189,62
6190,89
6191,201
6193,159
6194,166
6195,192
6196,51
6197,76
6198,51
6200,184
6207,35
6208,107
6213,205
6215,90
6218,241
6220,100
6228,30
6231,67
6234,64
6238,87
6240,107
6241,113
6245,158
6249,60
6256,103
6259,33
6260,50
6261,76
6263,190
6266,79
6267,172
6269,-22
6271,-8
6272,-27
6273,187
6274,186
6275,93
6276,127
6279,10
6282,60
6288,-20
6293,120
6295,228
6297,188
6298,215
6304,117
6305,208
6308,192
6312,200
6313,60
6314,119
6317,111
6323,211
6324,124
6325,116
6330,216
6331,204
6334,146
6336,111
6342,224
6343,147
6345,110
6363,186
6364,179
6367,144
6369,23
6372,50
6375,92
6376,89
6379,119
6385,61
6398,110
6399,89
6401,137
6403,91
6404,185
6409,5
6417,210
6418,13
6421,191
6422,55
6423,143
6425,70
6426,147
6427,101
6430,120
6433,111
6437,128
6439,160
6440,-11
6444,90
6447,116
6451,29
6452,27
6453,43
6454,175
6457,-17
6458,89
6460,195
6468,113
6470,141
6471,24
6472,184
6473,114
6475,107
6478,10
6482,168
6489,41
6505,119
6508,44
6513,89
6514,123
6515,29
6520,187
6523,73
6525,19
6531,41
6532,70
6533,20
6539,80
6550,23
6561,90
6562,118
6563,130
6567,207
6577,190
6579,167
6587,35
6588,58
6597,11
6602,-8
6603,10
6604,19
6608,90
6617,47
6618,-28
6622,109
6624,60
6629,66
6631,30
6635,40
6637,60
6638,98
6640,199
6641,134
6649,166
6650,214
6651,189
6652,213
6657,34
6659,134
6660,52
6661,177
6662,54
6664,-3
6665,34
6667,210
6671,113
6672,83
6674,20
6676,160
6678,30
6683,190
6693,119
6696,29
6698,30
6705,140
6706,124
6707,160
6708,148
6710,-4
6712,96
6715,60
6716,201
6720,10
6723,120
6725,76
6726,166
6727,95
6729,191
6731,68
6736,60
6739,194
6741,187
6747,210
6748,135
6749,192
6750,204
6753,102
6758,-2
6760,194
6762,96
6763,23
6764,93
6773,165
6774,200
6776,210
6780,104
6781,215
6782,203
6783,248
6785,206
6786,200
6787,51
6789,186
6795,154
6796,82
6799,236
6800,142
6801,208
6802,203
6803,143
6805,177
6806,235
6807,230
6808,224
6809,196
6810,204
6811,110
6814,190
6816,224
6817,225
6818,218
6819,220
6822,160
6823,240
6826,27
6827,201
6832,160
6833,216
6836,182
6838,221
6845,106
6846,188
6847,200
6848,187
6849,178
6850,182
6852,204
6854,196
6855,184
6856,140
6857,167
6858,210
6859,183
6860,198
6861,209
6864,90
6865,191
6867,199
6870,239
6872,210
6873,218
6874,212
6875,111
6876,210
6878,246
6879,209
6881,163
6883,191
6884,197
6885,179
6886,163
6888,266
6890,107
6893,23
6895,220
6896,150
6897,216
6898,131
6899,225
6900,60
6901,91
6902,166
6903,179
6904,153
6906,196
6907,73
6908,188
6910,209
6911,206
6912,195
6914,185
6915,34
6916,152
6918,215
6921,188
6922,217
6925,231
6929,142
6930,208
6931,160
6935,187
6936,153
6945,195
6947,149
6949,199
6950,221
6951,210
6952,220
6953,201
6955,208
6961,121
6964,205
6965,151
6968,202
6970,208
6975,210
6979,173
6983,159
6984,41
6986,191
6987,190
6989,176
6990,180
6992,221
6995,185
6996,208
6997,151
6999,127
7000,194
7003,173
7004,141
7005,205
7007,141
7008,225
7009,182
7011,211
7012,147
7013,208
7015,61
7016,71
7017,92
7019,204
7021,128
7022,158
7026,128
7027,143
7034,202
7035,140
7036,61
7038,127
7039,71
7040,191
7041,175
7044,228
7045,194
7050,205
7053,147
7057,108
7058,226
7060,54
7061,220
7063,120
7065,84
7066,203
7068,84
7076,91
7078,220
7080,200
7082,191
7087,117
7095,217
7100,163
7102,214
7103,165
7104,113
7105,207
7108,225
7109,118
7113,195
7117,225
7118,99
7120,209
7123,183
7124,128
7125,202
7127,105
7130,222
7132,179
7133,112
7136,194
7137,216
7139,204
7141,217
7142,225
7143,92
7145,172
7148,164
7150,198
7151,209
7153,205
7156,232
7158,114
7159,76
7160,220
7162,228
7163,181
7166,212
7167,201
7170,214
7172,108
7173,175
7175,60
7179,180
7181,217
7183,182
7185,40
7186,211
7187,86
7192,83
7193,230
7203,216
7205,90
7206,210
7208,215
7217,209
7218,200
7220,36
7222,194
7224,78
7225,105
7228,232
7229,101
7231,159
7232,187
7235,205
7236,120
7237,155
7238,157
7239,210
7248,178
7250,176
7251,111
7252,78
7254,165
7256,181
7257,183
7260,217
7261,208
7262,221
7264,169
7266,207
7267,249
7268,141
7270,84
7271,149
7272,88
7273,225
7275,3
7276,168
7277,206
7278,121
7279,183
7282,220
7284,210
7285,150
7287,186
7289,212
7290,210
7291,130
7293,199
7296,183
7298,208
7300,212
7302,127
7303,197
7306,210
7309,211
7310,206
7311,122
7312,83
7314,203
7315,213
7316,199
7317,203
7319,84
7320,193
7321,212
7323,215
7324,176
7325,206
7326,159
7327,227
7329,205
7331,148
7333,181
7334,176
7336,208
7339,210
7340,161
7344,100
7345,166
7347,52
7348,212
7349,205
7352,199
7353,56
7361,119
7362,95
7364,151
7365,129
7369,201
7370,153
7373,24
7374,100
7379,36
7380,67
7385,50
7390,145
7399,33
7402,65
7405,144
7407,178
7408,153
7424,5
7426,188
7430,22
7431,200
7433,113
7435,50
7437,208
7441,45
7445,158
7449,50
7452,107
7455,182
7457,232
7463,66
7465,139
7469,60
7472,90
7490,60
7497,149
7501,32
7505,80
7512,163
7513,120
7514,63
7520,196
7524,211
7525,89
7526,130
7530,101
7531,55
7532,178
7533,151
7542,167
7543,190
7547,-23
7549,160
7557,78
7558,175
7561,157
7562,169
7563,160
7564,43
7566,110
7570,20
7576,12
7580,135
7583,222
7584,118
7589,174
7591,75
7594,164
7597,40
7598,78
7599,60
7607,146
7612,80
7616,109
7617,125
7621,126
7624,21
7625,178
7629,171
7632,162
7633,125
7634,151
7638,191
7643,158
7646,24
7647,0
7653,109
7659,72
7660,170
7666,191
7667,135
7671,195
7673,92
7676,88
7679,169
7682,97
7695,110
7696,187
7698,183
7701,131
7706,65
7715,137
7718,113
7721,183
7728,155
7729,211
7732,176
7738,123
7741,221
7743,163
7744,63
7745,215
7748,218
7749,135
7750,104
7755,112
7756,101
7757,126
7761,143
7763,212
7768,111
7769,206
7770,174
7773,91
7777,184
7779,80
7782,101
7787,128
7815,43
7817,216
7818,214
7822,78
7841,40
7842,64
7846,59
7852,129
7857,129
7859,101
7863,76
7872,86
7877,130
7887,191
7888,153
7894,59
7898,208
7900,109
7901,210
7902,88
7906,205
7908,25
7910,70
7911,108
7912,188
7920,-26
7922,-4
7923,134
7929,11
7939,81
7948,133
7950,202
7953,113
7955,143
7956,178
7958,51
7961,34
7963,21
7964,0
7971,218
7972,166
7977,211
7979,211
7981,179
7983,207
7984,102
7988,194
7990,213
7991,208
7994,194
7995,209
7996,170
7997,200
8000,104
8008,60
8010,1
8014,26
8015,41
8016,195
8017,201
8023,51
8024,60
8030,195
8033,42
8034,75
8035,113
8038,176
8039,116
8042,105
8044,201
8047,120
8053,180
8054,211
8055,101
8056,199
8060,157
8061,212
8062,143
8064,139
8072,232
8073,206
8077,104
8085,73
8094,25
8095,92
8097,124
8098,197
8103,40
8107,170
8109,137
8111,4
8114,49
8115,45
8117,104
8118,80
8119,204
8120,112
8126,80
8142,97
8145,76
8153,136
8159,80
8160,162
8166,197
8167,206
8169,166
8175,34
8181,87
8183,72
8186,136
8192,163
8193,106
8194,96
8200,168
8201,107
8202,150
8207,105
8208,89
8209,121
8211,200
8212,195
8213,123
8215,170
8222,110
8226,163
8227,120
8229,216
8230,127
8231,213
8238,192
8240,187
8241,187
8242,86
8245,203
8247,208
8250,176
8251,216
8253,175
8254,143
8255,212
8256,30
8257,202
8258,204
8260,82
8264,151
8265,161
8268,154
8269,40
8270,105
8271,159
8272,103
8273,132
8274,153
8277,197
8278,179
8282,158
8283,81
8284,83
8287,188
8290,68
8293,132
8295,183
8297,192
8299,113
8301,133
8304,146
8310,140
8311,198
8312,215
8313,242
8316,89
8321,161
8329,166
8330,40
8331,211
8337,217
8339,90
8341,194
8342,200
8343,92
8344,74
8349,63
8350,184
8351,97
8357,176
8358,132
8359,49
8360,149
8361,186
8364,79
8366,90
8368,93
8369,91
8371,-22
8376,106
8378,94
8379,104
8382,90
8385,45
8387,121
8391,64
8394,121
8395,90
8406,107
8408,88
8411,192
8414,50
8416,90
8418,141
8427,224
8428,118
8432,87
8439,90
8452,99
8453,68
8455,77
8458,127
8459,196
8460,90
8463,137
8464,83
8476,237
8477,160
8488,161
8489,60
8491,103
8497,69
8504,162
8505,43
8511,84
8513,168
8516,165
8517,206
8521,201
8524,237
8527,141
8529,82
8530,132
8531,88
8532,112
8533,198
8535,204
8536,110
8538,122
8539,173
8543,7
8544,128
8549,163
8550,80
8560,121
8570,173
8571,178
8572,205
8573,155
8575,231
8580,60
8581,180
8582,209
8584,73
8592,213
8594,210
8595,191
8596,140
8597,191
8598,161
8599,145
8600,112
8606,159
8607,51
8611,80
8613,217
8616,99
8617,167
8618,72
8619,119
8620,167
8621,119
8626,291
8653,446
8753,-11
8804,381
8851,348
8979,284
8994,328
9002,182
9111,492
9280,491
9342,88
9391,124
9410,90
9515,292
9579,667
9584,218
9586,258
9587,312
9593,423
9594,222
9595,252
9598,373
9601,447
9605,264
9607,487
9610,273
9615,488
9616,279
9617,262
9618,296
9621,337
9623,342
9624,421
9626,284
9627,395
9628,250
9629,340
9630,340
9631,253
9632,183
9634,275
9636,208
9637,237
9642,320
9644,233
9647,282
9650,265
9651,234
9652,250
9653,177
9654,416
9655,308
9658,355
9660,324
9662,317
9663,253
9664,308
9665,271
9668,244
9669,304
9670,401
9671,264
9672,240
9673,250
9677,240
9682,233
9683,275
9687,359
9688,240
9690,258
9694,302
9695,245
9697,259
9703,340
9705,259
9707,451
9709,312
9711,324
9714,284
9718,251
9719,293
9721,345
9722,244
9723,227
9727,250
9729,414
9738,274
9739,300
9742,246
9743,241
9746,335
9748,244
9749,265
9750,222
9752,297
9763,273
9764,318
9765,291
9771,306
9773,260
9778,265
9779,175
9782,343
9788,321
9789,302
9790,300
9795,191
9799,236
9804,194
9806,320
9812,257
9813,249
9814,249
9815,281
9816,395
9818,204
9821,248
9822,284
9827,241
9830,251
9835,266
9836,255
9838,253
9844,251
9852,238
9853,253
9862,305
9863,246
9866,300
9867,259
9868,302
9869,280
9870,281
9875,267
9877,242
9880,259
9881,228
9894,190
9897,230
9898,420
9900,348
9901,223
9902,229
9904,228
9906,371
9907,401
9913,239
9914,230
9918,261
9919,491
9923,386
9924,363
9927,383
9932,351
9936,273
9939,229
9946,452
9947,264
9952,260
9953,401
9954,316
9956,282
9960,346
9961,231
9963,227
9964,219
9970,439
9971,265
9973,281
9974,441
9977,241
9978,340
9979,233
9981,312
9982,305
9983,231
9985,342
9986,234
9988,183
9992,302
9993,233
9995,302
9997,232
9999,329
10003,491
10008,414
10010,380
10013,303
10014,402
10015,404
10023,454
10024,246
10025,267
10026,233
10034,427
10035,427
10038,281
10040,288
10045,357
10046,212
10049,259
10050,428
10051,388
10053,250
10055,413
10066,214
10068,406
10071,435
10073,264
10074,277
10075,469
10076,354
10077,359
10078,275
10079,188
10080,209
10084,246
10086,291
10087,255
10088,405
10089,252
10091,272
10094,339
10095,253
10096,237
10098,283
10100,233
10101,163
10104,291
10107,291
10108,355
10110,256
10111,305
10113,232
10117,261
10118,253
10137,272
10140,284
10141,375
10143,334
10144,252
10145,235
10146,288
10148,282
10154,279
10156,360
10159,359
10160,273
10162,388
10163,268
10164,248
10169,274
10175,353
10178,247
10179,234
10180,491
10181,306
10182,233
10186,338
10187,404
10190,424
10193,370
10196,406
10197,339
10199,395
10200,277
10201,360
10205,390
10206,372
10207,348
10208,380
10210,524
10213,366
10214,400
10215,352
10216,280
10219,224
10222,299
10224,293
10225,242
10226,289
10228,294
10233,322
10234,282
10235,288
10237,282
10238,503
10240,298
10242,288
10246,244
10247,285
10252,338
10257,299
10267,289
10268,326
10271,240
10275,264
10276,269
10278,262
10281,260
10283,317
10285,356
10287,256
10288,270
10289,293
10291,320
10292,246
10293,261
10295,227
10296,320
10300,290
10301,310
10303,447
10305,262
10306,279
10308,245
10309,278
10312,311
10313,266
10315,269
10316,218
10319,315
10320,273
10321,242
10325,267
10326,300
10330,249
10331,293
10336,269
10341,391
10346,282
10349,330
10353,267
10354,373
10355,210
10356,398
10360,380
10361,304
10362,267
10363,253
10365,380
10366,212
10367,409
10368,389
10371,261
10374,408
10375,270
10378,310
10379,247
10382,306
10387,274
10391,399
10392,270
10393,288
10396,221
10402,354
10404,298
10405,288
10406,334
10407,326
10409,448
10412,245
10415,377
10416,483
10417,393
10418,224
10420,408
10421,339
10423,288
10426,322
10430,376
10431,274
10432,304
10434,356
10437,294
10438,286
10445,282
10448,240
10449,333
10450,352
10451,282
10456,235
10458,335
10461,299
10470,424
10471,361
10472,399
10473,413
10475,343
10477,356
10479,286
10484,261
10487,229
10489,257
10490,266
10498,259
10503,263
10512,281
10514,350
10520,276
10521,271
10523,364
10524,272
10525,284
10527,322
10528,268
10529,233
10531,273
10533,294
10534,309
10536,219
10538,249
10540,235
10543,281
10547,285
10549,264
10551,350
10552,289
10555,230
10558,365
10559,289
10561,321
10566,281
10571,312
10572,316
10573,270
10574,261
10576,259
10579,214
10580,410
10582,291
10596,282
10602,233
10606,330
10608,340
10610,422
10611,218
10612,217
10614,305
10615,348
10616,491
10617,348
10625,246
10627,264
10629,242
10630,325
10633,246
10634,287
10636,371
10641,314
10642,366
10644,237
10648,265
10649,256
10654,275
10655,259
10656,230
10657,244
10659,281
10660,252
10661,283
10662,325
10663,191
10664,346
10673,299
10681,265
10685,261
10697,276
10703,230
10704,259
10713,266
10725,256
10726,239
10728,185
10729,254
10731,223
10733,245
10734,375
10737,213
10746,215
10748,210
10756,261
10757,278
10758,340
10760,314
10763,266
10764,173
10765,319
10766,233
10771,337
10774,228
10783,261
10790,224
10823,309
10830,246
10845,267
10854,223
10859,179
10866,80
10869,148
10871,97
10875,473
10876,439
10879,503
10889,252
10890,279
10892,285
10896,26
10923,224
10934,114
10939,130
10960,141
11021,343
11038,92
11049,-37
11056,228
11075,143
11076,247
11092,-3
11107,160
11109,220
11118,219
11122,169
11139,234
11172,216
11184,275
11219,192
11232,241
11238,385
11239,143
11240,276
11242,270
11243,273
11247,424
11250,184
11251,281
11252,225
11265,238
11266,232
11296,358
11297,291
11299,273
11300,336
11306,318
11311,321
11315,340
11316,334
11320,305
11326,302
11328,315
11330,313
11331,249
11336,261
11338,243
11339,198
11343,214
11345,259
11346,253
11355,230
11360,241
11361,253
11362,243
11363,292
11366,250
11369,494
11374,184
11376,359
11378,242
11383,210
11384,200
11391,170
11397,322
11399,225
11403,327
11409,220
11424,281
11425,420
11430,179
11438,185
11441,210
11448,580
11449,285
11455,224
11463,170
11485,244
11490,339
11497,451
11508,230
11514,450
11516,191
11517,262
11519,427
11520,181
11522,290
11525,245
11535,220
11548,263
11552,274
11553,205
11555,239
11558,247
11560,277
11563,244
11581,201
11582,323
11583,321
11586,364
11598,320
11599,264
11600,360
11603,246
11605,221
11612,377
11627,263
11629,484
11632,300
11634,141
11641,299
11652,432
11653,354
11655,380
11656,535
11657,266
11660,253
11663,403
11691,242
11699,224
11700,214
11707,506
11719,269
11733,259
11738,345
11739,261
11741,256
11748,291
11751,327
11752,306
11757,273
11758,347
11761,272
11763,328
11764,279
11766,280
11768,378
11770,234
11772,245
11777,339
11778,313
11783,243
11784,268
11789,314
11790,307
11796,285
11798,193
11804,454
11806,361
11807,246
11808,285
11810,281
11813,291
11816,442
11817,407
11821,385
11825,223
11829,255
11832,328
11833,280
11837,259
11839,362
11843,230
11860,255
11862,224
11867,409
11872,240
11881,165
11884,264
11885,260
11897,273
11901,227
11902,170
11909,252
11911,202
11912,225
11931,94
11934,114
11945,209
11946,261
11949,199
11951,451
11963,268
11965,245
11969,347
11971,216
11977,171
11997,212
12002,244
12031,236
12032,268
12033,275
12035,306
12036,235
12040,262
12051,305
12065,267
12067,274
12069,198
12080,287
12081,256
12086,224
12089,243
12094,227
12101,192
12103,222
12104,260
12106,390
12114,262
12115,304
12116,246
12119,264
12125,239
12136,166
12137,188
12138,272
12142,212
12143,254
12147,278
12150,206
12160,221
12161,268
12166,219
12170,333
12173,193
12182,233
12195,211
12198,415
12207,267
12212,186
12225,163
12246,272
12249,288
12254,355
12255,310
12258,278
12259,239
12260,370
12263,247
12265,164
12270,280
12272,244
12278,219
12284,237
12304,363
12305,368
12306,458
12307,490
12308,362
12309,224
12316,281
12318,480
12320,246
12321,318
12323,170
12329,170
12330,223
12334,367
12336,485
12344,494
12345,467
12346,476
12348,356
12351,396
12355,495
12356,427
12360,320
12370,463
12381,265
12382,253
12383,241
12384,230
12401,172
12403,233
12409,278
12411,102
12413,383
12419,220
12428,278
12447,310
12450,150
12461,411
12462,236
12464,501
12473,130
12475,316
12476,228
12478,228
12494,411
12495,408
12496,440
12501,363
12505,187
12507,192
12510,244
12517,491
12518,420
12521,493
12523,450
12524,307
12526,242
12527,352
12528,262
12529,338
12531,192
12536,430
12537,257
12539,260
12542,194
12543,437
12556,318
12560,248
12563,474
12565,219
12572,303
12573,291
12576,377
12577,215
12581,283
12599,412
12606,251
12613,223
12623,425
12626,271
12628,259
12635,492
12652,-17
12734,188
12743,189
12757,181
12759,189
12766,324
12779,184
12797,61
12822,214
12839,178
12845,159
12851,336
12857,219
12862,239
12872,176
12873,254
12875,391
12893,365
12908,140
12934,238
12946,314
12951,141
12971,226
12976,184
12991,291
12995,261
13002,142
13003,166
13018,242
13020,362
13021,314
13051,208
13057,469
13058,425
13066,507
13074,280
13104,80
13121,261
13124,276
13125,224
13136,460
13141,519
13143,476
13148,251
13149,155
13182,384
13184,370
13201,493
13203,309
13204,372
13205,405
13215,497
13240,323
13241,240
13288,427
13311,37
13342,81
13347,513
13368,488
13369,-11
13397,318
13402,205
13426,215
13448,482
13459,511
13465,424
13471,163
13473,111
13482,246
13484,174
13499,254
13501,266
13510,92
13542,265
13554,128
13618,349
13632,237
13635,267
13642,458
13649,301
13650,252
13653,310
13655,267
13659,267
13661,264
13664,249
13667,264
13668,289
13669,240
13671,263
13685,377
13693,206
13697,279
13716,246
13724,254
13735,500
13737,235
13738,254
13741,277
13746,478
13747,218
13756,290
13767,179
13777,242
13787,239
13793,225
13794,231
13796,328
13804,259
13806,314
13810,254
13814,417
13817,347
13819,235
13823,392
13824,279
13828,224
13830,306
13831,313
13832,285
13833,355
13836,277
13839,271
13842,219
13844,268
13851,240
13854,210
13858,260
13860,248
13861,239
13863,232
13867,242
13869,285
13871,237
13874,243
13876,343
13879,250
13881,263
13889,257
13894,283
13896,267
13898,300
13901,227
13907,278
13908,208
13916,224
13929,237
13934,147
13947,506
13954,263
13955,316
13961,445
13979,496
13996,444
14010,378
14021,186
14022,180
14041,186
14043,243
14048,504
14049,258
14076,87
14083,495
14084,494
14110,222
14120,290
14128,246
14130,173
14137,296
14141,266
14163,-32
14164,105
14170,203
14191,196
14227,30
14229,22
14244,234
14296,288
14297,305
14298,288
14300,257
14301,257
14302,240
14309,424
14310,269
14311,320
14313,455
14314,226
14321,-22
14322,188
14336,82
14338,198
14350,291
14355,282
14357,242
14370,319
14397,240
14445,-30
14476,171
14491,-26
14510,220
14519,11
14561,96
14572,240
14591,505
14652,81
14666,150
14677,183
14684,313
14706,207
14707,250
14708,256
14711,479
14713,371
14715,421
14723,372
14724,402
14726,321
14731,267
14732,249
14735,218
14737,285
14742,254
14745,485
14746,490
14755,495
14761,467
14765,282
14770,404
14773,382
14774,273
14776,331
14780,449
14782,282
14783,349
14784,365
14786,235
14788,382
14790,286
14793,245
14798,361
14803,303
14805,330
14808,232
14812,352
14816,175
14820,244
14821,160
14827,363
14828,263
14829,290
14835,198
14857,330
14859,164
14863,486
14865,223
14866,324
14868,320
14870,406
14872,263
14876,237
14881,221
14882,261
14885,250
14887,206
14893,381
14901,246
14904,425
14906,320
14913,420
14927,362
14929,386
14930,197
14939,408
14955,399
14958,250
14962,256
14967,404
14968,240
14969,249
14970,330
14974,254
14975,257
14976,265
14978,420
14979,407
14982,442
14983,324
14984,404
14991,399
14995,428
15004,262
15005,395
15006,378
15008,268
15009,419
15010,249
15014,497
15020,248
15030,412
15031,249
15051,465
15054,355
15056,277
15057,395
15060,415
15062,281
15067,510
15070,450
15072,351
15073,392
15075,284
15077,306
15079,399
15083,379
15084,366
15086,237
15088,333
15089,274
15095,257
15101,495
15104,416
15107,268
15110,239
15113,309
15114,295
15116,239
15118,503
15119,493
15123,228
15128,325
15138,252
15142,489
15143,407
15149,217
15158,300
15159,283
15162,250
15173,195
15174,232
15177,471
15181,300
15183,388
15185,161
15186,509
15188,374
15189,370
15190,238
15193,279
15196,218
15197,247
15200,230
15202,254
15211,504
15217,282
15220,426
15223,407
15226,498
15232,317
15236,262
15238,376
15240,381
15241,250
15242,328
15246,261
15253,282
15254,221
15259,217
15263,251
15271,266
15272,491
15273,242
15278,248
15279,377
15281,429
15284,180
15288,375
15297,490
15305,263
15307,444
15308,381
15309,259
15312,510
15313,242
15315,374
15316,270
15320,255
15323,398
15324,361
15328,431
15331,491
15332,378
15333,455
15338,481
15339,500
15340,476
15346,394
15347,396
15352,331
15354,205
15355,313
15359,260
15364,210
15365,462
15366,498
15371,374
15372,421
15373,331
15376,254
15377,288
15378,249
15381,275
15382,278
15391,221
15392,186
15393,294
15394,278
15399,376
15446,420
15485,168
15492,196
15509,170
15512,240
15513,211
15524,201
15529,229
15570,150
15577,157
15578,75
15586,135
15587,175
15590,407
15660,226
15662,254
15674,232
15691,271
15713,188
15735,381
15745,359
15747,390
15749,472
15759,411
15765,240
15768,222
15792,494
15794,388
15795,307
15796,473
15797,220
15799,292
15808,425
15809,410
15812,515
15814,515
15816,269
15834,366
15842,-37
15850,513
15861,495
15865,384
15866,408
15867,316
15868,262
15874,475
15876,467
15878,387
15903,218
15907,190
15966,261
15973,233
16064,466
16067,318
16087,224
16095,235
16125,171
16126,116
16149,229
16161,127
16173,129
16199,312
16230,172
16232,204
16248,204
16252,196
16269,497
16272,270
16276,191
16288,150
16289,214
16300,189
16323,242
16325,209
16337,430
16354,0
16380,251
16383,106
16385,376
16386,168
16389,504
16392,230
16396,524
16398,424
16402,396
16404,520
16407,181
16408,285
16412,419
16444,180
16446,-35
16456,180
16463,353
16466,495
16468,362
16469,362
16476,196
16489,495
16494,253
16499,369
16500,310
16501,361
16526,120
16532,501
16537,130
16538,324
16546,406
16553,402
16567,143
16569,0
16580,280
16583,243
16586,408
16609,246
16614,221
16638,270
16676,345
16677,241
16682,193
16693,236
16723,373
16727,290
16729,254
16730,456
16734,488
16749,198
16752,304
16753,20
16791,185
16803,-37
16812,491
16826,105
16830,494
16857,515
16886,203
16916,198
16932,69
16982,220
16984,181
16993,477
17008,140
17013,330
17025,495
17050,407
17063,284
17065,386
17069,133
17091,120
17105,243
17108,248
17110,221
17114,248
17121,193
17122,218
17132,383
17133,131
17140,171
17165,341
17167,490
17181,276
17203,287
17207,134
17220,213
17225,290
17231,248
17234,246
17257,194
17258,214
17273,230
17277,263
17279,228
17280,245
17284,24
17306,263
17307,198
17310,494
17312,36
17333,245
17381,330
17382,307
17384,111
17400,424
17402,202
17413,412
17442,-4
17456,500
17458,318
17465,301
17466,299
17527,92
17599,413
17601,463
17605,575
17615,200
17630,125
17642,235
17643,218
17654,234
17688,-37
17689,156
17698,456
17704,-30
17706,-38
17708,190
17734,228
17741,425
17758,325
17759,239
17761,533
17768,231
17772,-34
17789,222
17829,392
17833,301
17836,322
17866,505
17867,498
17873,406
17875,329
17878,286
17879,401
17897,248
17900,258
17904,213
17956,167
17963,182
17967,237
17982,183
17990,520
18010,490
18012,-22
18014,118
18031,277
18056,258
18059,92
18063,245
18066,382
18070,357
18078,313
18080,254
18081,290
18091,447
18106,252
18118,306
18136,419
18140,281
18141,394
18142,407
18144,309
18147,245
18150,387
18175,354
18176,219
18185,184
18186,273
18197,187
18234,235
18255,229
18265,180
18288,245
18297,378
18309,377
18318,472
18319,490
18324,310
18331,154
18344,188
18345,109
18348,275
18361,221
18383,123
18384,233
18423,140
18443,177
18483,100
18485,140
18486,404
18504,159
18536,222
18537,282
18542,234
18570,320
18572,200
18575,249
18576,161
18577,441
18581,294
18585,219
18598,85
18603,221
18604,439
18617,194
18624,280
18628,274
18638,210
18642,23
18659,238
18660,233
18667,167
18682,193
18683,59
18699,209
18722,247
18723,265
18724,338
18726,279
18744,198
18757,251
18766,-29
18769,242
18776,495
18844,476
18849,234
18850,450
18856,167
18884,256
18886,242
18895,247
18896,175
18903,408
18904,364
18906,175
18908,231
18944,-22
18958,240
18971,184
18975,116
18979,133
18990,127
19018,501
19052,210
19055,343
19057,314
19063,171
19083,429
19107,150
19114,313
19116,492
19174,141
19237,206
19249,394
19252,276
19256,221
19261,268
19265,286
19277,154
19283,506
19284,511
19330,504
19347,273
19361,444
19362,452
19365,284
19369,392
19375,487
19376,498
19408,388
19409,343
19410,233
19411,276
19417,185
19422,219
19430,346
19451,221
19459,246
19496,123
19498,245
19515,284
19522,243
19524,253
19533,247
19537,179
19602,525
19630,372
19642,218
19695,389
19697,35
19703,170
19713,451
19748,140
19756,307
19763,189
19770,141
19779,410
19781,415
19805,251
19812,167
19824,223
19826,512
19829,490
19830,270
19833,395
19834,399
19835,277
19838,279
19840,423
19842,344
19843,343
19854,405
19865,264
19876,-28
19891,470
19902,340
19906,354
19929,436
19931,379
19942,319
19943,335
19950,171
19972,221
19982,472
19989,385
20015,510
20034,89
20072,506
20078,140
20079,121
20088,140
20089,261
20098,165
20107,200
20157,191
20167,172
20171,256
20202,218
20205,289
20206,217
20207,243
20209,283
20214,238
20215,332
20216,270
20217,243
20222,280
20232,333
20234,286
20236,264
20245,248
20252,186
20254,-37
20261,289
20262,374
20264,193
20266,266
20269,289
20274,349
20279,255
20280,316
20286,274
20297,105
20315,190
20320,246
20322,104
20326,381
20329,412
20330,308
20331,388
20333,427
20345,375
20347,184
20348,193
20350,325
20351,468
20357,490
20370,497
20374,430
20380,514
20386,273
20397,116
20409,495
20424,283
20428,190
20432,317
20435,252
20451,491
20452,278
20458,109
20461,316
20465,593
20473,365
20475,206
20487,212
20504,221
20506,324
20515,436
20518,312
20522,267
20539,317
20548,190
20552,414
20576,349
20586,481
20588,412
20589,445
20590,373
20591,319
20594,290
20595,172
20597,286
20601,239
20617,357
20618,241
20621,280
20651,254
20653,28
20657,275
20664,393
20679,239
20688,242
20704,284
20718,239
20720,310
20739,502
20744,386
20745,341
20749,504
20750,505
20773,389
20783,290
20784,269
20787,508
20794,261
20795,379
20796,187
20804,373
20809,213
20814,-4
20824,502
20828,454
20831,424
20835,194
20837,490
20839,356
20841,369
20842,375
20843,196
20850,241
20856,413
20883,346
20884,480
20904,285
20907,403
20911,370
20914,421
20916,283
20917,315
20920,328
20921,378
20926,251
20929,433
20932,438
20933,270
20937,335
20939,140
20940,296
20941,287
20943,183
20947,375
20950,365
20951,386
20955,231
20958,385
20964,376
20965,228
20969,97
20972,100
20978,-22
20979,252
20980,55
20981,142
20983,255
20991,153
21032,243
21033,206
21042,620
21043,421
21057,577
21066,494
21073,292
21075,534
21085,161
21088,396
21093,358
21098,491
21099,457
21100,423
21102,491
21107,443
21109,504
21111,358
21119,503
21127,393
21128,508
21130,255
21132,504
21136,483
21138,258
21151,258
21154,204
21155,250
21164,354
21169,324
21170,504
21171,491
21180,440
21187,307
21193,323
21195,242
21196,243
21197,176
21198,472
21202,163
21203,488
21206,284
21211,500
21216,265
21221,144
21222,420
21223,306
21224,357
21227,497
21229,419
21231,328
21233,400
21234,403
21239,244
21241,195
21248,344
21250,283
21252,338
21254,455
21268,167
21277,427
21279,291
21282,385
21287,416
21290,263
21293,318
21294,200
21302,324
21303,286
21304,366
21305,335
21308,130
21310,221
21322,229
21326,426
21328,396
21334,425
21336,232
21337,305
21341,325
21343,367
21348,387
21350,400
21351,429
21353,335
21355,409
21362,194
21375,421
21380,313
21385,376
21386,264
21387,313
21391,311
21392,409
21394,416
21397,368
21400,244
21402,227
21413,191
21414,191
21490,247
21494,313
21495,447
21497,329
21499,432
21507,257
21508,372
21511,466
21518,308
21519,689
21521,331
21525,300
21527,606
21529,402
21530,411
21531,267
21534,291
21561,184
21570,262
21612,21
21629,280
21639,261
21644,212
21654,194
21682,218
21695,39
21740,533
21775,229
21778,311
21779,330
21780,269
21788,361
21792,275
21793,270
21795,386
21797,367
21798,236
21799,277
21800,292
21803,323
21805,283
21808,338
21811,331
21812,217
21817,323
21818,292
21819,239
21824,309
21825,275
21827,245
21828,236
21830,285
21831,284
21833,492
21834,372
21838,381
21839,395
21842,258
21844,265
21845,278
21847,352
21850,350
21851,472
21855,480
21856,374
21858,261
21860,346
21863,342
21865,284
21869,285
21877,580
21880,296
21883,270
21884,343
21885,261
21886,261
21917,219
21920,252
21921,352
21922,250
21933,321
21934,320
21935,324
21939,267
21940,381
21942,462
21944,304
21946,205
21949,331
21958,271
21959,305
21972,311
21995,215
22010,254
22024,265
22050,249
22056,278
22058,297
22059,269
22064,311
22102,135
22116,268
22118,215
22144,61
22219,514
22222,232
22251,273
22277,19
22291,233
22297,163
22313,198
22329,173
22334,273
22337,288
22342,173
22354,188
22356,142
22367,411
22392,186
22396,265
22397,146
22414,206
22426,19
22427,192
22438,90
22459,301
22473,422
22476,114
22484,532
22487,452
22488,236
22499,141
22533,216
22537,227
22556,363
22560,280
22561,349
22574,370
22578,342
22580,321
22596,343
22613,268
22621,406
22622,502
22623,544
22625,122
22631,410
22632,343
22633,392
22634,258
22635,389
22639,338
22651,196
22663,234
22664,320
22665,337
22674,273
22675,302
22678,590
22680,194
22715,-37
22724,235
22731,309
22756,118
22775,325
22779,306
22789,245
22797,84
22822,156
22858,267
22866,313
22873,253
22877,509
22904,245
22906,347
22908,358
22911,480
22912,308
22914,270
22916,286
22921,284
22922,291
22925,282
22932,311
22933,351
22937,216
22939,239
22940,235
22941,241
22943,344
22954,419
22955,352
22956,340
22957,610
22958,444
22972,191
22973,307
22974,310
22975,344
22977,289
22978,484
22979,162
22980,356
22981,275
22987,275
22989,321
22991,355
22992,311
22997,340
23000,261
23008,352
23011,246
23013,347
23014,281
23023,283
23024,337
23027,271
23028,271
23033,218
23034,263
23036,230
23039,258
23044,406
23046,259
23047,319
23050,286
23051,265
23053,340
23055,280
23057,353
23058,327
23059,509
23060,521
23064,296
23065,319
23068,360
23070,409
23073,333
23074,426
23077,405
23082,360
23084,263
23085,352
23087,624
23089,335
23090,277
23092,245
23096,248
23098,375
23103,334
23104,255
23105,323
23107,121
23108,119
23112,267
23113,231
23114,264
23115,149
23121,305
23125,253
23126,243
23130,750
23133,491
23134,271
23138,278
23145,249
23148,309
23151,265
23156,677
23158,196
23162,262
23163,292
23169,235
23172,294
23174,273
23175,363
23176,271
23177,236
23179,426
23185,-29
23210,486
23223,236
23224,357
23231,264
23237,186
23239,91
23252,310
23258,230
23260,547
23269,334
23271,249
23273,334
23274,307
23312,23
23319,194
23329,441
23353,236
23378,261
23390,377
23392,261
23395,83
23416,183
23421,109
23423,269
23439,362
23442,398
23444,291
23459,248
23464,205
23472,76
23477,130
23481,267
23489,240
23560,405
23572,363
23590,186
23594,141
23642,194
23644,123
23645,23
23655,422
23664,376
23667,430
23670,218
23728,110
23730,438
23734,187
23737,103
23743,187
23753,248
23786,280
23804,235
23807,288
23811,331
23812,324
23813,244
23814,270
23815,310
23818,269
23821,237
23824,315
23825,337
23828,282
23830,260
23834,246
23836,251
23838,344
23840,265
23841,276
23842,384
23847,253
23848,395
23849,268
23851,247
23853,270
23857,303
23858,283
23861,274
23872,176
23887,434
23890,259
23903,488
23907,393
23908,378
23911,516
23919,419
23921,326
23922,255
23923,288
23924,279
23925,312
23928,339
23929,424
23935,451
23936,221
23941,277
23945,337
23948,326
23949,434
23951,444
23952,218
23955,375
23956,493
23958,324
23959,408
23963,317
23964,521
23967,448
23969,265
23970,338
23971,372
23972,290
23976,368
23983,470
23984,298
23985,515
23990,377
23991,374
23994,402
23997,399
23998,384
24000,281
24002,520
24005,374
24006,446
24013,204
24015,388
24016,707
24018,329
24025,466
24026,357
24028,329
24029,316
24030,368
24033,313
24034,408
24036,265
24037,333
24038,402
24042,257
24046,197
24049,266
24050,294
24057,231
24059,292
24061,262
24063,274
24064,267
24068,470
24073,377
24076,410
24077,159
24078,419
24080,200
24081,245
24085,317
24094,186
24103,311
24111,288
24112,209
24116,209
24122,142
24124,333
24146,508
24148,367
24150,328
24152,504
24155,424
24158,396
24160,336
24162,525
24164,471
24166,336
24169,266
24171,447
24172,493
24173,461
24176,291
24179,409
24183,219
24184,416
24187,351
24189,483
24190,495
24191,396
24192,419
24193,283
24198,277
24199,397
24201,410
24219,495
24221,380
24224,394
24225,298
24227,346
24229,410
24238,515
24241,353
24245,320
24246,392
24247,409
24251,378
24252,340
24260,195
24263,260
24266,513
24268,503
24269,147
24272,140
24273,298
24280,511
24283,415
24286,430
24288,331
24289,269
24291,409
24296,362
24309,263
24312,261
24315,227
24323,222
24324,495
24332,260
24335,362
24337,259
24341,265
24358,275
24359,183
24360,504
24362,132
24363,303
24366,230
24368,267
24380,288
24381,232
24384,189
24395,222
24401,360
24403,460
24405,392
24407,260
24411,287
24413,243
24416,234
24418,273
24421,336
24422,359
24424,298
24427,232
24428,497
24430,437
24433,246
24437,370
24441,347
24447,419
24448,503
24455,374
24456,400
24458,327
24460,323
24462,289
24465,375
24477,282
24482,318
24485,284
24488,342
24497,344
24498,390
24501,483
24503,394
24505,406
24506,429
24507,217
24512,491
24516,400
24520,405
24526,189
24527,478
24532,502
24539,490
24543,401
24545,357
24547,411
24548,366
24549,345
24550,362
24552,340
24555,518
24556,341
24557,309
24563,191
24566,340
24573,289
24594,313
24596,406
24601,256
24602,343
24603,492
24607,189
24608,193
24622,141
24628,288
24646,396
24651,354
24652,415
24653,284
24655,410
24657,301
24658,339
24663,353
24664,352
24665,337
24667,321
24671,310
24677,281
24678,298
24681,362
24682,316
24684,360
24685,399
24686,347
24688,407
24689,332
24690,294
24692,329
24693,300
24695,399
24699,345
24702,322
24703,338
24709,361
24712,282
24713,407
24718,254
24719,363
24728,243
24729,319
24732,495
24735,404
24738,375
24747,347
24748,248
24751,177
24753,247
24755,311
24757,375
24760,243
24761,251
24762,440
24763,291
24765,303
24766,403
24767,280
24768,402
24775,429
24776,495
24777,374
24779,443
24786,430
24788,423
24789,360
24790,283
24792,252
24794,282
24796,393
24797,369
24800,382
24806,218
24810,262
24812,295
24816,428
24817,298
24819,337
24820,281
24821,277
24822,322
24828,415
24832,408
24833,479
24837,577
24841,492
24842,477
24845,385
24848,219
24851,192
24852,399
24854,523
24858,393
24873,507
24877,325
24880,531
24889,382
24890,505
24898,307
24899,278
24907,423
24917,205
24924,227
24926,200
24927,65
24930,171
24933,165
24950,347
24953,189
25013,588
25016,299
25019,266
25020,406
25025,440
25047,444
25067,377
25069,341
25074,243
25084,345
25086,387
25088,258
25091,297
25093,490
25111,318
25112,313
25119,253
25133,226
25165,359
25166,196
25191,183
25195,285
25203,267
25217,198
25229,210
25246,489
25251,244
25252,301
25256,465
25261,489
25263,268
25287,52
25290,514
25300,494
25304,320
25305,507
25337,324
25338,497
25344,334
25345,281
25348,406
25349,333
25351,267
25357,289
25360,334
25361,460
25370,509
25382,265
25386,230
25398,478
25399,413
25401,205
25402,244
25446,360
25453,165
25527,267
25528,265
25529,311
25598,248
25612,215
25613,177
25629,31
25644,170
25712,381
25730,259
25734,162
25778,161
25809,301
25827,-19
25830,175
25870,-37
25899,384
25916,-22
25954,108
25958,118
26010,249
26018,259
26062,407
26075,328
26091,289
26098,113
26107,238
26111,589
26114,235
26120,230
26123,346
26125,109
26132,105
26138,311
26139,300
26141,252
26144,254
26146,189
26148,518
26156,227
26165,179
26167,513
26200,507
26208,95
26218,379
26225,470
26228,493
26231,464
26241,177
26267,442
26269,-32
26274,131
26279,509
26286,476
26288,-17
26293,0
26297,380
26314,415
26315,367
26320,331
26325,508
26330,496
26333,561
26337,477
26343,484
26346,492
26347,499
26349,493
26352,180
26357,233
26378,252
26386,451
26414,515
26449,248
26450,279
26452,230
26455,253
26458,140
26462,209
26463,255
26465,202
26471,332
26475,171
26482,504
26488,147
26489,260
26490,230
26494,233
26496,497
26499,196
26504,242
26506,267
26508,210
26525,498
26535,79
26537,244
26550,172
26553,235
26555,230
26556,161
26558,294
26560,210
26588,238
26591,264
26595,369
26604,298
26605,280
26611,368
26620,262
26626,188
26644,235
26651,264
26654,254
26661,208
26665,165
26667,200
26689,188
26705,219
26706,187
26711,187
26746,231
26787,171
26811,220
26827,470
26845,68
26926,481
26928,365
26930,452
26932,188
26959,158
26973,232
27017,160
27040,351
27109,345
27114,500
27119,105
27147,514
27148,117
27168,168
27183,279
27186,452
27188,344
27201,500
27210,460
27219,55
27274,228
27298,234
27303,43
27309,400
27310,467
27316,382
27317,455
27322,523
27323,119
27330,219
27362,183
27378,496
27387,428
27429,13
27441,494
27445,420
27446,384
27454,416
27460,505
27461,197
27465,509
27469,113
27481,423
27500,239
27502,-25
27514,232
27516,203
27526,210
27530,176
27532,141
27540,212
27541,202
27568,280
27569,473
27570,315
27578,324
27581,496
27591,326
27593,381
27599,502
27603,290
27604,272
27606,159
27607,321
27608,335
27609,261
27612,273
27613,336
27616,440
27619,327
27624,395
27627,160
27629,366
27630,270
27631,314
27634,296
27635,427
27639,398
27641,435
27644,308
27646,436
27649,309
27650,497
27655,268
27661,322
27664,334
27665,198
27667,390
27677,292
27685,563
27687,499
27688,510
27690,329
27691,428
27693,396
27700,347
27701,256
27702,268
27704,500
27705,279
27706,264
27707,365
27708,407
27712,265
27713,253
27715,320
27718,246
27719,495
27723,317
27725,400
27727,313
27728,344
27730,419
27731,403
27734,375
27735,367
27738,471
27739,394
27743,371
27744,269
27746,237
27747,283
27754,374
27759,504
27760,229
27761,509
27764,281
27776,251
27791,273
27792,240
27795,250
27796,336
27798,303
27801,237
27802,264
27803,349
27805,261
27809,336
27811,338
27813,289
27814,332
27817,281
27818,293
27821,242
27829,320
27844,284
27850,481
27852,308
27853,347
27854,488
27857,386
27861,267
27879,237
27881,286
27882,315
27883,306
27885,304
27887,270
27889,299
27891,315
27897,305
27898,270
27906,166
27907,470
27910,331
27911,251
27914,191
27926,511
27927,495
27931,262
27932,457
27935,191
27939,224
27945,237
27946,251
27949,228
27950,516
27953,186
27954,209
27956,232
27964,247
27966,221
27985,253
27996,178
28008,490
28013,245
28022,344
28032,465
28037,489
28078,376
28099,183
28100,432
28104,349
28110,348
28112,309
28117,466
28121,327
28122,251
28123,205
28124,506
28131,314
28134,380
28138,337
28139,497
28142,271
28145,336
28146,355
28149,236
28159,496
28160,264
28161,475
28165,449
28171,238
28172,279
28185,336
28186,499
28188,386
28191,296
28192,282
28193,239
28194,288
28200,309
28205,320
28206,308
28208,275
28212,396
28215,307
28217,364
28220,332
28222,252
28224,437
28227,270
28228,344
28230,329
28233,242
28236,312
28238,307
28240,255
28242,269
28246,257
28248,295
28249,260
28253,252
28255,322
28256,270
28261,261
28263,396
28264,343
28267,540
28268,464
28270,449
28272,337
28274,215
28280,273
28281,299
28282,303
28283,331
28286,323
28289,279
28290,255
28291,263
28292,213
28294,404
28295,356
28296,381
28300,412
28301,310
28302,452
28307,352
28308,435
28309,437
28312,309
28316,274
28317,301
28320,590
28325,293
28331,245
28332,251
28335,401
28336,308
28340,388
28341,306
28342,291
28344,331
28346,456
28354,429
28357,507
28360,375
28364,280
28368,436
28369,374
28370,411
28371,368
28372,353
28373,497
28374,430
28375,489
28381,344
28384,372
28385,485
28386,407
28387,404
28389,470
28394,367
28398,394
28400,420
28401,500
28403,397
28404,286
28408,359
28409,240
28410,503
28411,353
28414,399
28415,421
28417,347
28418,320
28420,348
28429,247
28432,285
28434,377
28439,494
28451,292
28453,305
28458,190
28460,351
28461,253
28472,202
28478,173
28481,236
28488,505
28501,247
28504,275
28506,282
28508,344
28511,345
28514,249
28523,216
28531,575
28537,307
28540,278
28545,387
28548,324
28550,346
28557,246
28560,367
28565,310
28566,265
28568,224
28569,273
28571,247
28575,252
28580,318
28583,331
28587,400
28588,333
28594,235
28599,488
28601,492
28602,447
28605,422
28606,153
28608,370
28611,270
28612,233
28614,504
28615,263
28616,265
28618,267
28626,204
28632,302
28652,334
28656,248
28657,243
28658,280
28660,254
28668,267
28672,269
28674,241
28675,237
28676,314
28679,355
28683,196
28694,291
28695,309
28707,494
28711,420
28714,506
28716,291
28722,234
28723,236
28725,510
28734,493
28735,404
28738,493
28739,283
28740,250
28743,255
28744,311
28749,266
28755,324
28756,290
28759,481
28760,287
28761,526
28766,337
28767,187
28774,292
28781,196
28785,292
28789,209
28792,181
28795,255
28796,442
28798,185
28800,415
28803,221
28804,273
28829,230
28832,511
28842,267
28843,331
28845,260
28855,287
28856,295
28857,253
28858,320
28860,317
28862,286
28863,324
28869,395
28874,313
28878,257
28879,367
28881,391
28882,165
28884,320
28886,312
28887,235
28888,352
28890,288
28892,249
28893,287
28895,273
28900,218
28902,299
28903,319
28909,294
28911,239
28912,526
28913,275
28915,261
28916,314
28928,239
28929,170
28938,275
28952,219
28955,208
28961,245
28966,429
28969,490
28972,276
28973,287
28976,520
28984,375
28987,273
28988,489
28992,356
28996,301
29002,251
29006,332
29034,284
29035,287
29045,276
29047,236
29050,329
29051,216
29054,331
29055,191
29056,269
29060,241
29061,331
29067,352
29068,236
29071,319
29076,269
29085,302
29086,296
29090,218
29092,271
29096,225
29118,209
29119,384
29123,243
29126,205
29134,176
29138,280
29139,240
29144,262
29145,278
29148,378
29167,191
29178,337
29196,506
29197,236
29199,199
29200,237
29202,204
29209,250
29210,278
29217,153
29219,461
29227,294
29230,491
29233,429
29241,312
29242,291
29249,191
29251,414
29262,322
29264,334
29276,243
29277,503
29283,312
29292,147
29295,282
29297,308
29304,273
29305,198
29306,181
29307,253
29308,231
29315,273
29316,285
29318,245
29331,249
29333,223
29334,500
29335,158
29337,238
29345,260
29361,266
29365,231
29366,331
29369,212
29370,300
29373,188
29389,477
29390,325
29392,265
29393,517
29399,500
29403,422
29406,259
29409,222
29413,222
29427,176
29429,210
29432,283
29436,489
29439,253
29441,277
29445,508
29448,261
29452,90
29457,147
29482,349
29496,504
29499,252
29506,285
29508,329
29512,376
29518,165
29523,406
29524,211
29529,245
29538,247
29539,413
29542,285
29543,505
29557,234
29561,256
29562,519
29569,246
29570,403
29572,403
29573,277
29583,383
29594,390
29595,319
29598,481
29605,501
29613,220
29627,332
29629,336
29678,347
29679,285
29680,354
29683,381
29691,222
29693,365
29700,498
29704,299
29708,305
29716,270
29717,318
29718,307
29719,365
29727,307
29731,220
29733,287
29735,298
29737,319
29739,277
29740,237
29744,218
29752,283
29755,281
29761,495
29762,388
29766,409
29770,309
29772,282
29774,322
29779,331
29784,473
29789,292
29791,301
29793,505
29795,363
29796,347
29798,340
29801,342
29802,284
29805,294
29806,309
29807,345
29808,360
29809,304
29811,232
29819,300
29820,222
29833,335
29835,498
29839,181
29841,461
29846,290
29847,354
29851,375
29852,470
29854,587
29861,539
29863,393
29868,506
29870,237
29881,485
29882,224
29883,269
29885,413
29887,264
29888,252
29889,210
29890,245
29891,265
29895,236
29902,265
29920,299
29931,393
29932,283
29933,255
29971,343
29972,255
29979,249
29980,257
29985,369
29987,255
29995,227
30016,245
30019,424
30020,414
30021,431
30022,209
30029,250
30035,396
30036,499
30040,387
30042,285
30045,325
30047,276
30048,273
30049,406
30053,332
30054,316
30056,351
30062,421
30067,408
30075,499
30076,346
30078,494
30083,455
30084,364
30091,390
30093,385
30096,325
30098,289
30101,418
30103,311
30104,221
30106,246
30107,283
30114,224
30115,311
30120,251
30122,256
30124,346
30126,283
30129,258
30133,225
30136,490
30140,232
30143,253
30145,346
30146,237
30147,250
30149,416
30151,503
30153,374
30156,221
30157,399
30158,397
30161,489
30162,496
30165,598
30169,503
30173,484
30175,314
30176,416
30177,403
30178,467
30179,504
30181,417
30182,480
30184,470
30186,419
30187,421
30188,434
30189,642
30190,480
30191,267
30194,412
30198,467
30201,532
30202,448
30203,530
30204,404
30205,319
30206,416
30207,274
30220,182
30221,275
30231,383
30242,499
30247,386
30248,290
30249,356
30250,260
30256,327
30257,274
30267,274
30268,407
30269,441
30270,319
30276,168
30278,379
30279,209
30284,114
30296,295
30299,240
30304,242
30308,504
30315,214
30321,252
30339,291
30343,255
30346,391
30361,301
30364,234
30366,315
30367,297
30368,254
30371,239
30374,260
30377,328
30381,236
30386,238
30392,321
30393,454
30396,477
30402,275
30405,250
30409,274
30420,197
30442,211
30450,247
30452,190
30453,215
30469,257
30472,218
30485,209
30487,477
30489,301
30491,496
30492,317
30497,292
30508,292
30510,491
30512,317
30513,427
30514,331
30515,246
30516,342
30517,307
30521,307
30523,394
30527,349
30529,306
30532,249
30535,211
30538,442
30541,272
30542,342
30543,337
30544,492
30546,317
30554,274
30555,306
30556,315
30576,263
30581,389
30583,542
30584,422
30586,379
30588,423
30590,498
30592,363
30596,333
30599,536
30602,293
30606,326
30607,304
30616,493
30618,180
30622,180
30623,282
30627,209
30634,479
30641,61
30644,233
30661,351
30663,139
30665,91
30670,242
30676,219
30685,444
30688,254
30689,175
30691,274
30693,189
30697,318
30703,513
30706,302
30711,208
30718,349
30719,585
30721,422
30723,127
30734,496
30738,502
30747,289
30760,281
30764,431
30776,323
30777,381
30779,249
30780,183
30785,253
30788,257
30790,267
30792,318
30794,283
30795,312
30798,281
30800,322
30802,167
30823,498
30844,248
30852,212
30856,502
30863,339
30881,281
30885,267
30887,225
30889,220
30892,218
30895,272
30898,313
30899,284
30900,281
30906,250
30908,253
30921,249
30925,205
30926,230
30931,301
30939,240
30941,158
30949,376
30963,267
30965,209
30966,250
30968,434
30970,260
30972,191
30978,247
30979,107
30984,295
30987,502
30989,344
30991,296
30996,218
30997,362
31000,522
31002,219
31010,236
31011,208
31013,241
31030,219
31032,226
31033,246
31034,259
31054,278
31055,288
31057,224
31062,297
31063,296
31065,200
31066,275
31069,350
31070,382
31079,290
31087,513
31089,235
31095,246
31097,331
31099,347
31101,281
31106,246
31118,244
31121,218
31132,497
31133,219
31135,515
31136,467
31151,495
31157,510
31165,260
31169,367
31174,257
31175,242
31177,215
31180,267
31181,496
31201,498
31215,14
31227,325
31242,202
31375,102
31429,261
31430,285
31433,282
31465,512
31481,-10
31488,492
31493,488
31495,376
31499,525
31501,508
31502,541
31506,438
31563,200
31570,252
31588,240
31602,188
31610,323
31616,245
31651,138
31652,245
31654,146
31657,206
31662,203
31663,223
31688,161
31692,24
31701,141
31709,237
31736,231
31743,242
31747,323
31749,405
31750,522
31756,421
31760,323
31768,358
31772,23
31773,248
31788,114
31789,223
31794,239
31799,347
31829,140
31834,134
31848,301
31874,160
31883,278
31891,199
31913,195
31922,378
31945,179
31947,112
31976,238
31990,162
31994,65
32021,121
32026,212
32029,128
32030,268
32041,110
32042,235
32043,246
32055,243
32065,305
32067,522
32072,394
32075,209
32076,283
32077,382
32080,487
32113,141
32125,555
32135,160
32136,266
32138,344
32139,506
32140,387
32155,362
32158,500
32160,407
32163,322
32165,486
32168,402
32175,485
32176,253
32177,507
32179,318
32180,502
32184,383
32201,180
32238,278
32276,247
32280,90
32282,297
32306,318
32310,253
32313,309
32315,190
32321,288
32323,245
32328,261
32330,233
32331,254
32333,221
32354,180
32355,113
32360,267
32361,238
32391,272
32393,285
32404,340
32416,341
32420,155
32436,340
32437,193
32447,300
32457,235
32460,204
32466,223
32468,232
32472,259
32473,265
32474,254
32475,241
32480,223
32540,305
32554,229
32578,404
32579,495
32581,513
32583,488
32584,502
32586,509
32608,25
32640,434
32641,499
32653,419
32656,238
32679,130
32682,495
32685,446
32693,499
32701,419
32703,465
32704,505
32705,452
32708,508
32712,450
32723,231
32730,523
32739,421
32753,262
32755,343
32756,335
32759,222
32760,172
32767,187
32831,275
32861,188
32923,142
32935,499
32960,241
32975,270
32979,209
32996,209
32997,223
32998,245
33003,188
33009,245
33011,243
33014,153
33020,245
33028,263
33051,238
33062,28
33064,189
33077,503
33079,496
33080,368
33083,506
33084,497
33086,477
33088,469
33091,499
33095,488
33099,446
33104,430
33109,405
33132,174
33156,-27
33164,448
33166,292
33187,244
33196,164
33197,392
33210,245
33222,498
33248,339
33249,368
33252,205
33270,253
33271,425
33301,432
33303,41
33307,363
33315,199
33316,197
33321,238
33323,267
33324,77
33325,221
33333,167
33336,159
33348,234
33373,105
33385,439
33405,362
33406,197
33416,13
33431,146
33433,273
33446,373
33454,245
33458,270
33461,80
33466,352
33468,260
33482,197
33503,245
33509,142
33514,171
33515,487
33524,150
33545,306
33551,160
33552,210
33555,247
33561,229
33565,600
33579,439
33584,193
33604,222
33622,258
33627,454
33629,451
33635,374
33637,228
33638,354
33654,227
33686,171
33698,267
33699,225
33703,167
33719,160
33729,50
33738,500
33747,231
33748,252
33757,353
33767,256
33771,251
33773,190
33779,271
33781,273
33785,473
33786,245
33804,493
33805,502
33811,180
33817,229
33837,338
33838,267
33840,259
33842,349
33843,222
33844,240
33846,273
33849,306
33853,227
33860,222
33864,238
33865,218
33869,247
33870,311
33875,150
33877,251
33878,175
33887,193
33891,200
33901,287
33924,63
33949,241
33997,201
34006,18
34012,189
34029,203
34087,229
34101,45
34110,189
34137,265
34164,228
34173,279
34174,147
34175,263
34185,230
34186,214
34188,250
34189,180
34190,185
34193,276
34194,272
34195,219
34199,231
34216,222
34218,291
34229,221
34239,255
34244,293
34245,160
34252,246
34257,252
34258,247
34259,238
34261,547
34301,434
34309,332
34314,190
34328,155
34331,346
34338,493
34345,400
34368,415
34370,497
34372,192
34374,147
34386,494
34390,227
34394,518
34396,188
34397,516
34404,248
34407,235
34409,281
34418,289
34419,257
34420,384
34439,142
34440,227
34448,189
34452,383
34461,112
34470,573
34506,392
34515,376
34516,253
34524,367
34525,338
34527,354
34534,370
34557,286
34586,434
34589,246
34597,231
34599,440
34641,297
34643,219
34645,258
34647,371
34649,239
34684,247
34689,264
34690,341
34698,281
34702,267
34704,294
34706,269
34721,271
34729,356
34732,258
34734,420
34737,404
34740,384
34741,242
34746,403
34752,392
34758,370
34761,245
34764,407
34765,454
34766,381
34773,415
34780,361
34781,366
34782,371
34783,375
34784,359
34792,289
34793,379
34794,202
34795,267
34798,328
34800,263
34801,318
34802,386
34812,369
34815,309
34819,403
34820,311
34821,331
34822,327
34824,350
34825,405
34829,261
34832,223
34834,271
34837,268
34838,269
34840,378
34855,235
34857,275
34865,458
34869,281
34870,308
34873,452
34875,272
34880,253
34881,317
34883,327
34884,266
34889,296
34891,397
34896,317
34913,362
34922,276
34923,400
34925,282
34932,341
34936,282
34950,314
34955,317
34961,427
34962,339
34963,362
34964,410
34968,341
34969,375
34971,430
34973,395
34974,407
34975,313
34976,292
34979,376
34980,326
34981,369
34982,290
34986,314
34987,426
34988,396
34994,404
34997,387
34999,332
35053,390
35054,277
35055,319
35060,452
35066,427
35068,332
35127,388
35140,219
35152,261
35174,279
35180,205
35190,207
35193,374
35194,388
35197,378
35202,438
35207,377
35218,426
35291,265
35312,423
35574,156
35986,365
36000,313
36004,316
36019,263
36025,273
36070,350
36105,228
36145,348
36148,294
36166,271
36171,341
36179,255
36191,372
36192,252
36196,207
36198,259
36223,297
36258,325
36321,192
36336,284
36354,223
36398,340
36426,396
36431,335
36433,172
36434,383
36444,237
36447,327
36450,341
36452,282
36465,476
36489,304
36506,303
36515,290
36550,375
36557,307
36597,283
36598,269
36602,-8
36631,130
36711,320
36720,297
36722,270
36742,297
36754,357
36762,260
36765,334
36766,266
36772,275
36829,298
36831,213
36847,334
36872,388
36887,344
36907,275
37014,258
37015,365
37041,307
37042,323
37050,243
37052,283
37196,393
37198,405
37201,367
37205,406
37207,415
37210,411
39537,272
40009,62
40033,214
40098,262
40205,168
40408,235
40409,235
40414,238
40423,191
40426,220
40430,221
40431,217
40440,236
40504,233
40612,242
40703,256
40712,240
40754,189
40841,239
41023,174
41041,115
41063,230
41127,224
41146,255
41168,137
41172,261
41180,268
41185,242
41209,200
41210,210
41216,219
41332,194
41337,228
41353,60
41355,177
41400,386
41402,304
41407,377
41408,259
41501,364
41505,271
41511,209
41519,362
41520,302
41521,248
41522,384
41524,241
41525,327
41527,296
41532,306
41533,301
41534,305
41540,243
41541,190
41542,270
41543,269
41545,299
41547,200
41554,279
41556,274
41566,255
41574,212
41583,444
41591,198
41612,378
41618,246
41632,280
41635,164
41639,279
41642,372
41644,302
41651,329
41660,334
41661,275
41671,383
41676,399
41679,404
41682,399
41684,370
41685,269
41688,395
41727,209
41781,183
41894,182
41950,214
42061,188
42144,508
42348,276
42358,270
42364,277
42368,271
42378,287
42383,280
42436,186
42485,254
43001,282
43006,220
43016,265
43031,224
43067,192
43087,335
43150,247
43151,227
43166,189
43167,160
43394,153
43543,214
43551,245
43640,258
43649,263
43651,304
43666,301
43693,224
43694,244
43727,256
43769,245
43783,248
43795,249
43802,256
43807,259
43917,256
43918,157
43921,251
43928,253
43929,255
43932,295
43954,283
43962,215
43967,258
43970,375
43974,286
43975,263
43978,287
43979,289
43980,287
43982,384
43986,353
43987,352
43988,359
43989,348
43990,353
44007,229
44030,232
44114,243
44127,226
44130,264
44193,267
44463,246
44565,254
44577,270
44583,292
44584,270
44593,251
44654,287
44668,312
44680,296
44682,310
44718,244
44719,356
44734,251
44737,272
44748,239
44759,271
44760,279
44766,270
44827,293
44839,252
44860,404
44861,403
44863,395
44889,537
44890,553
44895,570
44899,448
44914,337
44915,222
44929,351
44940,356
44943,264
44949,320
44956,287
44973,359
44978,385
44988,366
44990,380
44994,372
44995,375
44996,389
44997,370
45019,221
45108,324
45556,263
45557,279
45733,297
45735,233
45747,293
45749,377
45754,404
45759,391
45763,391
45768,340
45772,390
45773,327
45804,398
46013,259
46033,268
46050,254
46052,260
46054,280
46055,264
46063,285
46068,251
46081,474
46083,265
46088,377
46089,404
46090,521
46094,396
46097,299
46098,523
46099,442
46100,305
46105,451
46107,454
46109,548
46110,496
46114,436
46121,485
46126,505
46127,420
46128,588
46129,432
46131,592
46133,448
46134,554
46135,424
46136,639
46138,624
46139,637
46140,566
46143,553
46147,358
46149,348
46150,299
46153,356
46154,242
46156,359
46157,294
46168,279
46171,442
46173,435
46175,515
46176,437
46180,487
46181,466
46184,443
46185,370
46192,374
46194,297
46197,365
46200,511
46207,444
46208,589
46212,432
46219,661
46220,586
46229,321
46231,601
46235,335
46243,578
46248,294
46251,442
46252,496
46255,326
46258,372
46264,431
46267,350
46268,425
46269,500
46278,490
46280,395
46283,441
46285,505
46286,443
46294,487
46317,375
46318,389
46325,347
46327,382
46329,374
46330,390
46335,319
46338,352
46342,211
46345,334
46355,334
46356,298
46365,699
46369,630
46370,486
46374,438
46376,567
46378,501
46380,400
46381,461
46384,450
46387,388
46389,348
46390,293
46396,516
46398,450
46402,308
46406,451
46409,440
46410,481
46411,299
46418,364
46424,383
46428,406
46431,391
46432,497
46436,319
46451,418
46452,472
46501,463
46502,342
46503,359
46504,434
46506,320
46507,433
46508,443
46509,451
46510,462
46511,438
46516,528
46557,335
46580,448
46581,575
46593,426
46604,558
46606,370
46607,535
46609,640
46610,556
46614,455
46666,415
46672,390
46676,334
46683,222
46705,431
46716,433
46718,431
46719,415
46724,424
46731,427
46734,352
46735,451
46750,370
46753,300
46756,304
46802,446
46812,280
46819,531
46847,358
46853,332
46855,456
46856,294
46862,289
46866,357
46872,356
46879,281
46907,302
46913,303
46946,402
46947,375
46973,309
46978,380
47111,280
47129,261
47135,282
47204,347
47296,188
47445,144
47567,218
47615,306
47618,298
47659,210
47678,168
47681,142
47682,212
47703,300
47705,433
47715,606
47716,637
47717,661
48004,283
48030,452
48053,450
48077,444
48078,399
48090,343
48095,423
48119,453
48123,473
48156,423
48159,480
48161,468
48164,413
48165,472
48178,483
48182,481
48184,475
48208,348
48726,390
48729,402
48738,428
48917,243
48927,361
48990,310
49102,163
49113,261
51011,280
51016,512
51024,330
51026,728
51027,701
51051,479
51152,210
51226,283
51434,244
51439,358
51442,420
51447,433
51528,188
51628,241
51695,210
51803,165
52116,557
52117,557
52134,656
52135,570
52136,590
52147,592
52153,313
52157,306
52162,560
52163,410
52166,352
52170,557
52173,310
52174,366
52177,483
52194,295
52197,380
52198,290
52319,259
52380,248
52409,220
52453,354
52467,308
52514,191
52601,239
52790,326
52795,251
52798,256
52827,267
52981,267
53025,446
53060,276
53069,270
53077,279
53117,255
53119,258
53141,290
53282,295
53515,269
53604,185
53721,190
53752,162
53778,351
53814,275
53819,270
53863,290
53934,475
53959,449
53960,329
53979,541
53984,501
53998,280
54005,341
54007,399
54010,410
54011,413
54012,378
54016,376
54017,365
54019,416
54024,371
54026,342
54027,375
54030,390
54034,382
54037,396
54042,270
54043,410
54044,330
54047,403
54048,306
54050,410
54057,372
54059,336
54063,279
54069,398
54070,375
54073,340
54078,410
54082,399
54090,403
54093,408
54094,277
54095,310
54101,335
54110,321
54111,346
54113,353
54114,290
54117,285
54124,190
54181,396
54184,326
54186,394
54191,375
54192,410
54194,384
54196,345
54199,418
54201,234
54204,354
54212,330
54216,335
54222,260
54231,368
54232,285
54233,414
54237,323
54244,396
54247,306
54250,334
54252,406
54254,404
54262,140
54263,257
54265,177
54266,225
54274,181
54276,266
54294,401
54299,268
54318,354
54322,335
54327,327
54391,376
54396,313
54430,292
54532,329
54560,410
54562,376
54564,385
54624,216
54709,648
54710,702
54719,300
54729,317
54732,301
54747,314
54748,376
54765,247
54770,322
54788,400
54789,330
54820,329
54830,181
54831,155
54834,92
54874,309
54920,352
54964,335
54965,347
54967,329
54968,403
54970,408
54976,350
54983,281
54984,405
54986,422
54987,420
54992,410
54993,407
55044,405
55058,315
55066,200
55082,390
55169,225
55174,319
55227,196
55228,351
55379,324
55383,343
55419,337
55430,230
55434,315
55464,268
55482,347
55485,409
55489,368
55502,379
55528,275
55544,374
56001,286
56028,336
56052,372
57017,523
57045,330
57092,309
57097,285
57118,385
57133,242
57199,336
57202,352
57206,382
57212,347
57214,305
57233,344
57264,313
57278,319
57289,300
57308,291
57334,248
57335,304
57341,305
57404,250
57418,289
57425,312
57426,304
57489,269
57499,361
57533,277
57557,342
57559,261
57693,346
57716,294
57735,293
57747,297
57763,290
57768,300
57775,295
57781,329
57840,307
57850,314
57903,681
57912,460
58073,238
58111,323
58158,338
58204,295
58217,297
58241,401
58244,280
58245,355
58247,265
58250,356
58255,295
58258,361
58265,320
58310,277
58347,366
58349,336
58368,374
58371,345
58377,311
58385,295
58407,310
58410,385
58417,402
58430,396
58433,376
58452,393
58463,349
58468,383
58477,348
58480,310
58508,329
58519,310
58541,360
58585,328
58595,347
58602,265
58603,345
58604,299
58605,388
58607,374
58609,355
58612,310
58614,354
58619,351
58623,354
58627,261
58629,255
58632,390
58639,273
58651,314
58652,350
58655,320
58656,275
58659,329
58671,245
58672,268
58693,360
58745,316
58798,506
58799,523
58877,164
58878,115
58888,367
58959,536
59009,299
59024,339
59031,390
59076,303
59080,326
59247,298
59260,309
59269,260
59299,301
59331,320
59369,206
59410,359
59432,324
59453,419
59462,324
59491,408
59497,454
59514,570
59533,356
59611,253
59613,340
59629,306
59635,334
59641,304
59643,337
59646,361
59656,284
59659,293
59666,240
59690,283
59715,451
59718,480
59719,476
59720,422
59722,488
59735,504
59736,372
59742,494
59743,425
59800,489
59806,486
59822,267
59839,421
59845,408
59901,320
59970,235
60227,273
60230,301
60252,277
60359,335
60410,313
60508,301
60524,377
60543,277
60571,295
60587,503
60589,358
60655,334
60669,282
60762,332
60766,345
60773,336
60774,269
60779,231
60782,277
60786,334
60806,167
60808,322
60834,214
60847,407
60858,248
60903,300
61001,319
61009,363
61017,274
61040,204
61042,260
61047,282
61048,209
61049,270
61055,218
61063,221
61066,282
61067,187
61070,208
61075,223
61077,171
61082,247
61084,239
61088,221
61094,280
61095,244
61099,241
61120,355
61129,257
61137,327
61138,327
61139,353
61174,261
61180,334
61292,248
61320,313
61331,367
61333,297
61336,413
61340,310
61341,310
61349,411
61352,280
61358,359
61372,336
61376,380
61378,414
61440,306
61472,356
61474,362
61478,220
61496,301
61499,298
61501,240
61514,260
61515,260
61516,255
61524,257
61526,254
61533,377
61534,279
61535,310
61539,211
61549,253
61602,256
61627,319
61682,342
61689,339
61771,304
61909,283
61929,280
61960,272
61970,454
61971,446
61978,200
62001,382
62002,393
62004,350
62007,436
62027,410
62031,170
62042,395
62058,397
62059,397
62060,418
62062,133
62118,314
62133,170
62162,443
62163,433
62169,470
62170,499
62171,497
62172,492
62173,425
62176,400
62177,443
62182,199
62189,302
62199,377
62229,304
62246,305
62247,286
62261,444
62266,464
62269,443
62274,490
62283,492
62284,430
62370,391
62372,526
62373,505
62375,424
62379,494
62380,419
62384,511
62385,458
62390,570
62391,470
62392,557
62419,559
62438,599
62439,596
62442,519
62443,515
62444,605
62448,559
62449,594
62450,596
62454,615
62455,610
62464,677
62478,451
62491,462
62493,428
62534,566
62538,490
62547,487
62550,437
62556,509
62561,432
62562,499
62579,508
62584,500
62588,498
62600,453
62602,422
62603,466
62605,508
62606,526
62607,506
62616,460
62619,378
62629,588
62630,453
62631,601
62632,591
62633,518
62634,585
62635,594
62647,440
62648,418
62649,433
62650,451
62652,425
62653,440
62654,428
62655,428
62661,444
62662,431
62663,424
62667,429
62669,424
62670,422
62671,420
62672,410
62674,290
62675,430
62683,187
62690,376
62691,392
62692,373
62700,502
62701,490
62707,495
62719,458
62728,454
62743,380
62754,590
62755,553
62756,561
62759,543
62761,565
62763,365
62768,539
62797,509
62823,590
62824,650
62829,624
62833,617
62834,567
62836,634
62838,641
62839,578
62840,633
62841,609
62844,631
62847,597
62849,599
62852,665
62853,526
62856,515
62861,548
62871,616
62876,477
62889,545
62890,500
62891,520
62912,408
62913,474
62927,601
62935,553
62951,539
62998,389
63001,427
63002,350
63003,451
63006,396
63007,391
63013,484
63016,471
63017,411
63019,284
63034,420
63035,556
63055,476
63056,389
63057,527
63144,529
63145,585
63147,251
63180,330
63184,335
63189,293
63190,305
63201,502
63209,496
63210,458
63220,621
63221,696
63222,400
63232,694
63233,638
63236,627
63240,632
63242,630
63246,683
63247,636
63248,640
63249,636
63251,601
63252,637
63253,634
63255,641
63258,643
63259,566
63260,566
63261,500
63263,640
63268,371
63270,343
63271,489
63272,461
63273,489
63274,473
63275,444
63276,486
63281,463
63282,413
63283,480
63285,312
63286,337
63426,576
63430,494
63433,567
63434,570
63435,538
63436,594
63440,570
63446,561
63453,532
63462,640
63463,715
63467,648
63472,610
63475,593
63477,716
63478,658
63489,548
63491,563
63498,618
63508,428
63516,375
63548,442
63554,567
63557,570
63569,576
63574,589
63587,346
63591,278
63592,408
63626,318
63628,330
63643,344
63647,303
63670,298
63673,326
63681,330
63684,318
63693,299
63694,312
63717,335
63727,327
63809,479
63819,472
63845,486
63847,467
63849,472
63863,529
63867,523
63869,528
63880,539
63888,685
63889,676
63900,218
63916,271
63917,324
63925,323
63928,336
63975,242
64098,324
65030,476
65035,49
65036,414
65102,571
65107,578
65112,551
65119,629
65124,641
65146,541
65151,661
65217,423
65221,389
65231,381
65239,223
65275,581
65279,451
65281,527
65283,522
65284,552
65287,555
65288,558
65296,560
65311,307
65312,309
65317,347
65409,797
65416,812
65417,316
65456,400
65463,366
65464,410
65470,434
65474,426
65542,472
65543,476
65817,523
65818,535
65823,610
65826,565
65858,538
65859,529
65863,522
65865,521
65871,520
65881,533
65899,552
65903,533
65905,639
65908,612
65909,577
65911,514
65914,562
65917,511
65921,497
65924,615
65926,625
65937,550
65938,552
65940,566
66011,479
66046,567
66054,556
66083,535
66091,592
66143,550
66152,477
66168,592
66169,592
66171,509
66178,569
66181,505
66185,528
66302,370
66304,407
66340,340
66366,543
66367,608
66369,628
66370,584
66371,552
66372,628
66373,602
66374,622
66377,615
66380,571
66381,635
66384,629
66386,615
66388,631
66389,657
66390,611
66391,621
66392,637
66393,579
66394,645
66397,635
66398,647
66447,706
66449,695
66457,374
66458,493
66459,396
66463,441
66466,450
66470,491
66473,586
66474,548
66476,544
66491,356
66512,456
66523,503
66535,546
66627,557
66631,420
66643,608
66659,664
66661,565
66663,567
66667,674
66671,398
66672,398
66674,670
66680,648
66681,689
66682,662
66683,687
66690,361
66691,502
66694,654
66695,594
66698,323
66707,496
66722,648
66736,579
66742,619
66752,657
66763,514
66766,522
66768,521
66803,572
66804,570
66805,558
66807,578
66811,559
66822,562
66826,731
66834,606
66836,619
66839,537
66847,479
66848,491
66862,516
66935,519
66957,642
66961,612
66962,688
66964,691
66965,703
66970,605
66972,601
66973,752
66978,599
66979,693
66980,705
66982,690
66984,691
66986,698
66987,619
66988,629
66991,686
66992,696
66995,689
66999,691
67015,482
67023,497
67032,484
67082,511
67085,502
67125,429
67174,755
67178,587
67182,767
67190,699
67198,608
67205,632
67208,636
67209,624
67210,631
67211,569
67213,627
67214,603
67215,643
67217,650
67218,596
67219,582
67220,643
67224,641
67225,696
67231,640
67236,643
67237,606
67238,622
67240,642
67241,609
67242,642
67243,609
67244,627
67246,551
67247,619
67249,624
67250,280
67256,628
67257,635
67258,624
67261,598
67264,632
67265,662
67266,711
67267,592
67268,520
67269,581
67270,451
67274,691
67283,611
67286,685
67287,621
67288,683
67290,618
67291,693
67292,645
67293,692
67294,624
67297,600
67298,598
67299,605
67302,624
67303,510
67306,694
67308,517
67311,809
67312,765
67313,710
67314,597
67315,536
67316,650
67319,530
67350,691
67368,485
67390,689
67406,483
67427,765
67448,689
67466,697
67476,539
67478,701
67485,674
67488,691
67496,705
67497,705
67511,349
67526,579
67541,680
67546,805
67551,594
67553,751
67558,594
67568,697
67569,703
67607,836
67611,659
67613,762
67617,670
67640,679
67652,686
67674,674
67703,598
67705,703
67710,701
67711,700
67713,690
67714,702
67716,697
67717,714
67719,637
67721,720
67722,709
67725,650
67729,594
67730,647
67739,580
67740,587
67741,593
67745,589
67746,540
67747,334
67752,578
67757,572
67760,575
67885,486
67909,689
67919,727
67920,769
67921,719
67924,765
67927,567
67931,761
67932,766
67933,794
67934,764
67935,681
67936,651
67939,708
67945,769
67946,735
67950,777
67951,654
67954,723
67957,763
67961,766
67963,766
67966,649
67967,784
67968,739
67970,773
67971,747
67972,746
67978,727
67981,558
67982,620
67983,786
67984,746
67987,685
67989,765
67992,759
67993,772
67994,779
68002,308
68010,613
68017,615
68018,614
68019,612
68020,612
68021,619
68023,635
68026,628
68030,345
68038,826
68042,582
68055,650
68064,613
68078,656
68082,700
68090,576
68092,685
68103,585
68124,666
68151,587
68158,594
68505,417
68510,578
68520,599
68523,615
68533,560
68534,591
68604,669
68610,728
68616,791
68618,739
68621,722
68622,732
68694,745
68713,572
68716,616
68717,625
68721,562
68725,636
68727,648
68728,680
68756,617
68757,697
68761,679
68766,704
68839,435
68842,210
68862,429
68923,623
68925,617
68926,606
68932,619
68934,580
68986,606
68991,607
68992,610
69015,353
69016,348
69033,304
69052,365
69073,317
69079,354
69105,342
69120,331
69132,304
69139,342
69150,348
69152,319
69154,325
69158,481
69160,307
69165,361
69167,336
69179,345
69181,345
69187,299
69197,341
69212,326
69233,321
69244,313
69251,343
69272,330
69290,309
69293,332
69303,306
69306,344
69331,332
69363,308
69379,348
69380,344
69394,300
70047,389
70054,169
70062,219
70066,283
70067,231
70068,311
70073,307
70077,272
70078,327
70107,392
70163,398
70169,403
70172,399
70175,277
70180,276
70189,301
70191,269
70252,289
70322,349
70325,290
70337,335
70346,372
70351,269
70381,253
70385,257
70401,394
70415,226
70417,341
70424,298
70569,335
70570,330
70613,253
70616,305
70634,274
70637,205
70642,390
70655,310
70687,310
70688,217
70699,311
70739,282
70744,286
70753,403
70760,407
70782,415
70795,290
70801,362
70815,370
70822,384
70823,370
70828,298
70839,318
70841,401
70858,407
70864,397
70869,208
70872,243
70881,408
70882,412
70897,382
70907,392
70926,266
70950,396
70967,418
70971,411
70983,327
70999,327
71004,362
71057,218
71077,281
71099,304
71148,378
71152,396
71157,402
71166,408
71176,394
71226,363
71256,265
71262,333
71275,272
71279,410
71280,310
71306,382
71331,412
71333,402
71338,162
71339,326
71375,392
71378,376
71396,302
71416,233
71429,228
71432,232
71447,246
72011,446
72556,216
72661,293
72687,325
72896,292
72901,446
72929,225
72974,415
73072,140
73095,371
73176,263
73195,486
73240,510
73258,430
73303,341
73537,490
73736,244
73779,230
73822,430
73899,426
74007,285
74121,391
74397,263
74425,280
74428,433
74461,243
74464,267
74542,325
74793,601
74824,210
75025,632
75026,709
75027,629
75029,711
75031,642
75032,482
75033,559
75034,714
75036,647
75037,726
75038,718
75039,642
75040,641
75042,641
75043,724
75044,642
75047,727
75048,547
75049,720
75051,558
75054,730
75058,476
75059,488
75082,310
75104,438
75107,449
75108,466
75109,483
75111,473
75112,449
75114,358
75115,480
75116,400
75118,394
75119,369
75120,489
75127,447
75134,411
75135,466
75138,540
75145,494
75146,428
75149,467
75150,462
75154,484
75167,578
75168,464
75169,460
75170,477
75172,522
75175,540
75176,597
75178,472
75181,476
75183,442
75185,470
75186,553
75187,572
75194,542
75195,466
75197,579
75199,597
75202,366
75223,468
75226,441
75228,457
75229,467
75231,468
75232,465
75233,468
75234,499
75235,453
75244,539
75250,428
75308,453
75310,453
75313,459
75321,485
75323,451
75325,389
75332,380
75333,349
75336,462
75338,453
75339,493
75348,410
75401,529
75405,540
75414,449
75501,420
75503,528
75504,491
75505,431
75506,498
75507,354
75508,503
75509,483
75513,433
75514,486
75517,505
75518,501
75519,462
75522,301
75526,430
75530,304
75532,272
75533,300
75545,210
75556,225
75570,477
75572,457
75575,467
75583,552
75584,377
75585,565
75589,569
75590,562
75592,563
75594,574
75595,580
75599,355
75601,420
75602,501
75608,440
75615,764
75616,703
75621,310
75630,481
75636,457
75637,461
75808,481
75810,490
75812,385
75813,326
75818,474
75820,457
75822,533
75825,539
75826,485
75829,518
75838,545
75850,532
75858,478
75860,517
75862,539
75863,548
75865,530
75868,539
75876,532
75880,529
75881,526
75900,247
75906,577
75907,555
75908,604
75909,572
75912,560
75914,579
75915,585
75916,580
75917,575
75918,576
75919,559
75920,540
75921,509
75924,531
75925,567
75926,573
75930,563
75931,427
75932,581
75933,501
75934,584
75937,590
75938,584
75939,598
75945,604
75946,591
75948,506
75949,524
75953,385
75955,511
75956,500
75961,506
75965,491
75972,534
75973,442
75974,524
76121,727
76122,672
76128,223
76267,665
76271,694
76275,678
76295,465
76315,462
76330,457
76333,477
76345,702
76349,708
76355,708
76364,723
76366,687
76368,694
76370,699
76372,711
76373,694
76378,712
76409,481
76431,603
76432,541
76439,717
76442,743
76446,732
76448,741
76456,750
76461,661
76466,665
76468,664
76473,469
76489,664
76492,683
76498,578
76505,639
76507,579
76513,654
76519,644
76524,643
76547,502
76576,658
76584,657
76591,593
76596,657
76612,716
76630,688
76631,724
76633,725
76634,705
76638,706
76646,694
76649,705
76658,705
76659,707
76662,689
76664,709
76667,720
76669,699
76672,626
76673,726
76675,698
76676,704
76680,704
76684,707
76685,731
76689,705
76691,718
76695,697
76697,711
76699,699
76718,616
76732,689
76736,688
76737,667
76742,674
76754,685
76772,666
76774,691
76778,680
76781,667
76787,680
76789,686
76796,688
76807,617
76811,630
76830,694
76850,688
76891,689
76893,671
76896,682
76903,688
76904,694
77000,740
77007,653
77019,657
77023,668
77026,501
77033,650
77038,660
77046,658
77050,661
77054,687
77079,460
77127,669
77144,660
77149,676
77190,662
77198,658
77213,674
77218,652
77251,581
77266,656
77267,637
77274,676
77279,677
77426,674
77445,426
77449,656
77450,549
77453,566
77461,663
77464,505
77467,559
77469,659
77482,593
77520,583
77531,605
77543,621
77551,639
77555,630
77557,616
77560,577
77562,643
77563,595
77564,544
77566,667
77570,453
77575,596
77579,627
77583,669
77592,334
77597,559
77604,655
77610,679
77612,678
77614,672
77616,651
77622,665
77627,658
77634,654
77636,658
77641,662
77645,684
77650,651
77657,659
77659,661
77669,617
77700,652
77701,677
77709,655
77726,691
77739,620
77743,615
77801,590
77805,672
77813,693
77818,668
77819,667
77825,662
77828,645
77836,675
77837,666
77862,669
77863,713
77869,676
77874,453
77876,657
77877,588
77882,694
77884,688
77972,380
78001,452
78020,591
78022,549
78036,564
78052,545
78054,557
78057,561
78058,576
78059,578
78076,544
78088,658
78101,671
78112,677
78118,637
78127,680
78157,416
78162,476
78168,454
78174,502
78175,461
78176,484
78187,642
78191,659
78193,555
78199,370
78201,506
78202,502
78204,499
78206,506
78210,506
78223,613
78224,631
78231,650
78237,650
78247,634
78251,579
78252,579
78253,574
78254,577
78257,579
78287,553
78314,582
78319,561
78324,527
78327,585
78335,586
78336,524
78337,499
78341,561
78350,554
78364,465
78366,517
78374,431
78383,440
78389,499
78391,432
78394,430
78397,566
78400,551
78410,579
78414,568
78415,577
78417,496
78418,449
78419,603
78427,579
78449,381
78451,555
78463,519
78490,598
78496,458
78506,554
78610,593
78672,685
78674,665
78678,708
78691,594
78704,500
78705,562
78706,578
78707,553
78712,405
78716,489
78724,481
78733,531
78735,505
78736,493
78739,552
78752,546
78764,543
78766,531
78769,369
78775,472
78776,489
78778,543
78783,597
78785,569
78787,564
78828,527
78836,558
78887,503
78890,476
78913,563
78914,515
78920,454
78929,559
78931,427
78934,501
78945,556
78973,559
78974,552
78976,570
79007,495
79025,515
79040,570
79054,488
79099,430
79101,486
79120,496
79121,446
79126,457
79163,463
79181,566
79183,554
79184,508
79189,515
79190,555
79192,763
79210,371
79212,425
79222,481
79225,502
79248,540
79252,485
79254,493
79257,508
79259,442
79268,509
79271,513
79277,522
79282,537
79283,531
79318,680
79326,607
79368,585
79380,470
79403,824
79404,792
79405,832
79444,281
79519,479
79558,530
79564,548
79565,541
79571,490
79573,456
79584,531
79588,480
79592,500
79594,505
79595,513
79626,617
79629,625
79634,613
79646,636
79651,573
79652,827
79665,862
79683,714
79696,734
79697,856
79699,806
79706,486
79709,401
79712,512
79755,649
79756,649
79801,794
79805,825
79814,792
79822,886
79823,856
79831,794
79857,668
79859,711
79893,489
79934,189
80049,545
80072,380
80077,290
80083,326
80085,318
80107,761
80127,587
80225,452
80254,466
80271,487
80305,737
80306,787
80314,759
80315,771
80320,735
80324,736
80336,792
80339,720
80340,782
80341,626
80348,803
80350,785
80355,804
80386,475
80403,500
80426,475
80446,482
80452,489
80464,341
80501,236
80519,302
80522,298
80585,230
80713,729
80715,818
80717,825
80724,732
80725,827
80726,813
80751,813
80755,839
80764,816
80765,753
80772,820
80776,663
80783,810
80786,830
80792,498
80810,290
80835,564
80843,434
80942,402
81018,826
81019,791
81036,828
81057,634
81058,634
81065,613
81102,462
81107,503
81116,495
81125,485
81144,502
81147,504
81176,498
81177,396
81178,492
81180,492
81183,490
81185,330
81189,498
81194,427
81301,487
81337,783
81381,503
81469,280
81542,485
81604,433
81609,316
81625,485
81634,446
81644,347
81718,447
81740,500
81747,239
81767,369
81832,287
81891,330
81892,423
81933,508
81980,505
82025,453
82036,409
82040,360
82202,50
82300,495
82428,450
82607,520
82930,441
82973,296
82977,495
86483,479
99999,-29
